"period","site","variable","mean(2013-2019).vs.mean(2020)","std(2013-2019).vs.std(2020)"
"pre.lckdwn","Alcalá de Henares","no",-5.64348601541185,36.3427438959039
"lckdwn","Alcalá de Henares","no",-67.0892942792186,6.22549353806029
"fases","Alcalá de Henares","no",-50.4458659204029,6.84320766686415
"normalidad","Alcalá de Henares","no",-32.3970142047669,12.7376479634465
"new.lockdown","Alcalá de Henares","no",-44.9913922967598,18.9675141632819
"pre.lckdwn","Alcalá de Henares","no2",-8.7953589716667,15.6072807415563
"lckdwn","Alcalá de Henares","no2",-56.8008863923522,7.25501675300296
"fases","Alcalá de Henares","no2",-44.9211860452927,7.91474379609525
"normalidad","Alcalá de Henares","no2",-24.0349374186469,11.0283536782093
"new.lockdown","Alcalá de Henares","no2",-28.617313540852,13.1735799727063
"pre.lckdwn","Alcalá de Henares","o3",-15.6380534822384,18.5108116124941
"lckdwn","Alcalá de Henares","o3",3.16214245154321,8.03630556173656
"fases","Alcalá de Henares","o3",-3.07274875391436,4.9978489938801
"normalidad","Alcalá de Henares","o3",1.94541047044275,2.66905439241311
"new.lockdown","Alcalá de Henares","o3",12.6742303116907,16.4298718776066
"pre.lckdwn","Alcalá de Henares","pm10",28.3680823630514,106.853642761357
"lckdwn","Alcalá de Henares","pm10",-17.0796401435858,23.7945155123767
"fases","Alcalá de Henares","pm10",-12.7564446967701,17.7692698041102
"normalidad","Alcalá de Henares","pm10",-10.9397337578754,16.6879408769493
"new.lockdown","Alcalá de Henares","pm10",-13.8223616209308,35.5577873080568
"pre.lckdwn","Alcobendas","no",-5.64348601541185,36.3427438959039
"lckdwn","Alcobendas","no",-67.0892942792186,6.22549353806029
"fases","Alcobendas","no",-50.4458659204029,6.84320766686415
"normalidad","Alcobendas","no",-32.3970142047669,12.7376479634465
"new.lockdown","Alcobendas","no",-44.9913922967598,18.9675141632819
"pre.lckdwn","Alcobendas","no2",-8.7953589716667,15.6072807415563
"lckdwn","Alcobendas","no2",-56.8008863923522,7.25501675300296
"fases","Alcobendas","no2",-44.9211860452927,7.91474379609525
"normalidad","Alcobendas","no2",-24.0349374186469,11.0283536782093
"new.lockdown","Alcobendas","no2",-28.617313540852,13.1735799727063
"pre.lckdwn","Alcobendas","o3",-15.6380534822384,18.5108116124941
"lckdwn","Alcobendas","o3",3.16214245154321,8.03630556173656
"fases","Alcobendas","o3",-3.07274875391436,4.9978489938801
"normalidad","Alcobendas","o3",1.94541047044275,2.66905439241311
"new.lockdown","Alcobendas","o3",12.6742303116907,16.4298718776066
"pre.lckdwn","Alcobendas","pm10",28.3680823630514,106.853642761357
"lckdwn","Alcobendas","pm10",-17.0796401435858,23.7945155123767
"fases","Alcobendas","pm10",-12.7564446967701,17.7692698041102
"normalidad","Alcobendas","pm10",-10.9397337578754,16.6879408769493
"new.lockdown","Alcobendas","pm10",-13.8223616209308,35.5577873080568
"pre.lckdwn","Alicante","no",-5.64348601541185,36.3427438959039
"lckdwn","Alicante","no",-67.0892942792186,6.22549353806029
"fases","Alicante","no",-50.4458659204029,6.84320766686415
"normalidad","Alicante","no",-32.3970142047669,12.7376479634465
"new.lockdown","Alicante","no",-44.9913922967598,18.9675141632819
"pre.lckdwn","Alicante","no2",-8.7953589716667,15.6072807415563
"lckdwn","Alicante","no2",-56.8008863923522,7.25501675300296
"fases","Alicante","no2",-44.9211860452927,7.91474379609525
"normalidad","Alicante","no2",-24.0349374186469,11.0283536782093
"new.lockdown","Alicante","no2",-28.617313540852,13.1735799727063
"pre.lckdwn","Alicante","o3",-15.6380534822384,18.5108116124941
"lckdwn","Alicante","o3",3.16214245154321,8.03630556173656
"fases","Alicante","o3",-3.07274875391436,4.9978489938801
"normalidad","Alicante","o3",1.94541047044275,2.66905439241311
"new.lockdown","Alicante","o3",12.6742303116907,16.4298718776066
"pre.lckdwn","Almería","no",-5.64348601541185,36.3427438959039
"lckdwn","Almería","no",-67.0892942792186,6.22549353806029
"fases","Almería","no",-50.4458659204029,6.84320766686415
"normalidad","Almería","no",-32.3970142047669,12.7376479634465
"new.lockdown","Almería","no",-44.9913922967598,18.9675141632819
"pre.lckdwn","Almería","no2",-8.7953589716667,15.6072807415563
"lckdwn","Almería","no2",-56.8008863923522,7.25501675300296
"fases","Almería","no2",-44.9211860452927,7.91474379609525
"normalidad","Almería","no2",-24.0349374186469,11.0283536782093
"new.lockdown","Almería","no2",-28.617313540852,13.1735799727063
"pre.lckdwn","Almería","o3",-15.6380534822384,18.5108116124941
"lckdwn","Almería","o3",3.16214245154321,8.03630556173656
"fases","Almería","o3",-3.07274875391436,4.9978489938801
"normalidad","Almería","o3",1.94541047044275,2.66905439241311
"new.lockdown","Almería","o3",12.6742303116907,16.4298718776066
"pre.lckdwn","Barcelona","no",-5.64348601541185,36.3427438959039
"lckdwn","Barcelona","no",-67.0892942792186,6.22549353806029
"fases","Barcelona","no",-50.4458659204029,6.84320766686415
"normalidad","Barcelona","no",-32.3970142047669,12.7376479634465
"new.lockdown","Barcelona","no",-44.9913922967598,18.9675141632819
"pre.lckdwn","Barcelona","no2",-8.7953589716667,15.6072807415563
"lckdwn","Barcelona","no2",-56.8008863923522,7.25501675300296
"fases","Barcelona","no2",-44.9211860452927,7.91474379609525
"normalidad","Barcelona","no2",-24.0349374186469,11.0283536782093
"new.lockdown","Barcelona","no2",-28.617313540852,13.1735799727063
"pre.lckdwn","Barcelona","o3",-15.6380534822384,18.5108116124941
"lckdwn","Barcelona","o3",3.16214245154321,8.03630556173656
"fases","Barcelona","o3",-3.07274875391436,4.9978489938801
"normalidad","Barcelona","o3",1.94541047044275,2.66905439241311
"new.lockdown","Barcelona","o3",12.6742303116907,16.4298718776066
"pre.lckdwn","Bilbao","no",-5.64348601541185,36.3427438959039
"lckdwn","Bilbao","no",-67.0892942792186,6.22549353806029
"fases","Bilbao","no",-50.4458659204029,6.84320766686415
"normalidad","Bilbao","no",-32.3970142047669,12.7376479634465
"new.lockdown","Bilbao","no",-44.9913922967598,18.9675141632819
"pre.lckdwn","Bilbao","no2",-8.7953589716667,15.6072807415563
"lckdwn","Bilbao","no2",-56.8008863923522,7.25501675300296
"fases","Bilbao","no2",-44.9211860452927,7.91474379609525
"normalidad","Bilbao","no2",-24.0349374186469,11.0283536782093
"new.lockdown","Bilbao","no2",-28.617313540852,13.1735799727063
"pre.lckdwn","Bilbao","pm10",28.3680823630514,106.853642761357
"lckdwn","Bilbao","pm10",-17.0796401435858,23.7945155123767
"fases","Bilbao","pm10",-12.7564446967701,17.7692698041102
"normalidad","Bilbao","pm10",-10.9397337578754,16.6879408769493
"new.lockdown","Bilbao","pm10",-13.8223616209308,35.5577873080568
"pre.lckdwn","Bilbao","pm2.5",27.7870855109656,119.800601082577
"lckdwn","Bilbao","pm2.5",1.53567157339528,78.5440288650349
"fases","Bilbao","pm2.5",40.2756975526383,557.073046072105
"normalidad","Bilbao","pm2.5",-0.838261525538009,375.166022875348
"new.lockdown","Bilbao","pm2.5",-19.5395014024578,50.4438300224756
"pre.lckdwn","Burgos","no",-5.64348601541185,36.3427438959039
"lckdwn","Burgos","no",-67.0892942792186,6.22549353806029
"fases","Burgos","no",-50.4458659204029,6.84320766686415
"normalidad","Burgos","no",-32.3970142047669,12.7376479634465
"new.lockdown","Burgos","no",-44.9913922967598,18.9675141632819
"pre.lckdwn","Burgos","no2",-8.7953589716667,15.6072807415563
"lckdwn","Burgos","no2",-56.8008863923522,7.25501675300296
"fases","Burgos","no2",-44.9211860452927,7.91474379609525
"normalidad","Burgos","no2",-24.0349374186469,11.0283536782093
"new.lockdown","Burgos","no2",-28.617313540852,13.1735799727063
"pre.lckdwn","Burgos","pm10",28.3680823630514,106.853642761357
"lckdwn","Burgos","pm10",-17.0796401435858,23.7945155123767
"fases","Burgos","pm10",-12.7564446967701,17.7692698041102
"normalidad","Burgos","pm10",-10.9397337578754,16.6879408769493
"new.lockdown","Burgos","pm10",-13.8223616209308,35.5577873080568
"pre.lckdwn","Cádiz","no",-5.64348601541185,36.3427438959039
"lckdwn","Cádiz","no",-67.0892942792186,6.22549353806029
"fases","Cádiz","no",-50.4458659204029,6.84320766686415
"normalidad","Cádiz","no",-32.3970142047669,12.7376479634465
"new.lockdown","Cádiz","no",-44.9913922967598,18.9675141632819
"pre.lckdwn","Cádiz","no2",-8.7953589716667,15.6072807415563
"lckdwn","Cádiz","no2",-56.8008863923522,7.25501675300296
"fases","Cádiz","no2",-44.9211860452927,7.91474379609525
"normalidad","Cádiz","no2",-24.0349374186469,11.0283536782093
"new.lockdown","Cádiz","no2",-28.617313540852,13.1735799727063
"pre.lckdwn","Cádiz","o3",-15.6380534822384,18.5108116124941
"lckdwn","Cádiz","o3",3.16214245154321,8.03630556173656
"fases","Cádiz","o3",-3.07274875391436,4.9978489938801
"normalidad","Cádiz","o3",1.94541047044275,2.66905439241311
"new.lockdown","Cádiz","o3",12.6742303116907,16.4298718776066
"pre.lckdwn","Castellón de la Plana","no",-5.64348601541185,36.3427438959039
"lckdwn","Castellón de la Plana","no",-67.0892942792186,6.22549353806029
"fases","Castellón de la Plana","no",-50.4458659204029,6.84320766686415
"normalidad","Castellón de la Plana","no",-32.3970142047669,12.7376479634465
"new.lockdown","Castellón de la Plana","no",-44.9913922967598,18.9675141632819
"pre.lckdwn","Castellón de la Plana","no2",-8.7953589716667,15.6072807415563
"lckdwn","Castellón de la Plana","no2",-56.8008863923522,7.25501675300296
"fases","Castellón de la Plana","no2",-44.9211860452927,7.91474379609525
"normalidad","Castellón de la Plana","no2",-24.0349374186469,11.0283536782093
"new.lockdown","Castellón de la Plana","no2",-28.617313540852,13.1735799727063
"pre.lckdwn","Castellón de la Plana","o3",-15.6380534822384,18.5108116124941
"lckdwn","Castellón de la Plana","o3",3.16214245154321,8.03630556173656
"fases","Castellón de la Plana","o3",-3.07274875391436,4.9978489938801
"normalidad","Castellón de la Plana","o3",1.94541047044275,2.66905439241311
"new.lockdown","Castellón de la Plana","o3",12.6742303116907,16.4298718776066
"pre.lckdwn","Córdoba","no",-5.64348601541185,36.3427438959039
"lckdwn","Córdoba","no",-67.0892942792186,6.22549353806029
"fases","Córdoba","no",-50.4458659204029,6.84320766686415
"normalidad","Córdoba","no",-32.3970142047669,12.7376479634465
"new.lockdown","Córdoba","no",-44.9913922967598,18.9675141632819
"pre.lckdwn","Córdoba","no2",-8.7953589716667,15.6072807415563
"lckdwn","Córdoba","no2",-56.8008863923522,7.25501675300296
"fases","Córdoba","no2",-44.9211860452927,7.91474379609525
"normalidad","Córdoba","no2",-24.0349374186469,11.0283536782093
"new.lockdown","Córdoba","no2",-28.617313540852,13.1735799727063
"pre.lckdwn","Elche","no",-5.64348601541185,36.3427438959039
"lckdwn","Elche","no",-67.0892942792186,6.22549353806029
"fases","Elche","no",-50.4458659204029,6.84320766686415
"normalidad","Elche","no",-32.3970142047669,12.7376479634465
"new.lockdown","Elche","no",-44.9913922967598,18.9675141632819
"pre.lckdwn","Elche","no2",-8.7953589716667,15.6072807415563
"lckdwn","Elche","no2",-56.8008863923522,7.25501675300296
"fases","Elche","no2",-44.9211860452927,7.91474379609525
"normalidad","Elche","no2",-24.0349374186469,11.0283536782093
"new.lockdown","Elche","no2",-28.617313540852,13.1735799727063
"pre.lckdwn","Elche","o3",-15.6380534822384,18.5108116124941
"lckdwn","Elche","o3",3.16214245154321,8.03630556173656
"fases","Elche","o3",-3.07274875391436,4.9978489938801
"normalidad","Elche","o3",1.94541047044275,2.66905439241311
"new.lockdown","Elche","o3",12.6742303116907,16.4298718776066
"pre.lckdwn","Getafe","no",-5.64348601541185,36.3427438959039
"lckdwn","Getafe","no",-67.0892942792186,6.22549353806029
"fases","Getafe","no",-50.4458659204029,6.84320766686415
"normalidad","Getafe","no",-32.3970142047669,12.7376479634465
"new.lockdown","Getafe","no",-44.9913922967598,18.9675141632819
"pre.lckdwn","Getafe","no2",-8.7953589716667,15.6072807415563
"lckdwn","Getafe","no2",-56.8008863923522,7.25501675300296
"fases","Getafe","no2",-44.9211860452927,7.91474379609525
"normalidad","Getafe","no2",-24.0349374186469,11.0283536782093
"new.lockdown","Getafe","no2",-28.617313540852,13.1735799727063
"pre.lckdwn","Getafe","o3",-15.6380534822384,18.5108116124941
"lckdwn","Getafe","o3",3.16214245154321,8.03630556173656
"fases","Getafe","o3",-3.07274875391436,4.9978489938801
"normalidad","Getafe","o3",1.94541047044275,2.66905439241311
"new.lockdown","Getafe","o3",12.6742303116907,16.4298718776066
"pre.lckdwn","Getafe","pm10",28.3680823630514,106.853642761357
"lckdwn","Getafe","pm10",-17.0796401435858,23.7945155123767
"fases","Getafe","pm10",-12.7564446967701,17.7692698041102
"normalidad","Getafe","pm10",-10.9397337578754,16.6879408769493
"new.lockdown","Getafe","pm10",-13.8223616209308,35.5577873080568
"pre.lckdwn","Gijón","no",-5.64348601541185,36.3427438959039
"lckdwn","Gijón","no",-67.0892942792186,6.22549353806029
"fases","Gijón","no",-50.4458659204029,6.84320766686415
"normalidad","Gijón","no",-32.3970142047669,12.7376479634465
"new.lockdown","Gijón","no",-44.9913922967598,18.9675141632819
"pre.lckdwn","Gijón","no2",-8.7953589716667,15.6072807415563
"lckdwn","Gijón","no2",-56.8008863923522,7.25501675300296
"fases","Gijón","no2",-44.9211860452927,7.91474379609525
"normalidad","Gijón","no2",-24.0349374186469,11.0283536782093
"new.lockdown","Gijón","no2",-28.617313540852,13.1735799727063
"pre.lckdwn","Gijón","o3",-15.6380534822384,18.5108116124941
"lckdwn","Gijón","o3",3.16214245154321,8.03630556173656
"fases","Gijón","o3",-3.07274875391436,4.9978489938801
"normalidad","Gijón","o3",1.94541047044275,2.66905439241311
"new.lockdown","Gijón","o3",12.6742303116907,16.4298718776066
"pre.lckdwn","Gijón","pm10",28.3680823630514,106.853642761357
"lckdwn","Gijón","pm10",-17.0796401435858,23.7945155123767
"fases","Gijón","pm10",-12.7564446967701,17.7692698041102
"normalidad","Gijón","pm10",-10.9397337578754,16.6879408769493
"new.lockdown","Gijón","pm10",-13.8223616209308,35.5577873080568
"pre.lckdwn","Gijón","pm2.5",27.7870855109656,119.800601082577
"lckdwn","Gijón","pm2.5",1.53567157339528,78.5440288650349
"fases","Gijón","pm2.5",40.2756975526383,557.073046072105
"normalidad","Gijón","pm2.5",-0.838261525538009,375.166022875348
"new.lockdown","Gijón","pm2.5",-19.5395014024578,50.4438300224756
"pre.lckdwn","Girona","no",-5.64348601541185,36.3427438959039
"lckdwn","Girona","no",-67.0892942792186,6.22549353806029
"fases","Girona","no",-50.4458659204029,6.84320766686415
"normalidad","Girona","no",-32.3970142047669,12.7376479634465
"new.lockdown","Girona","no",-44.9913922967598,18.9675141632819
"pre.lckdwn","Girona","no2",-8.7953589716667,15.6072807415563
"lckdwn","Girona","no2",-56.8008863923522,7.25501675300296
"fases","Girona","no2",-44.9211860452927,7.91474379609525
"normalidad","Girona","no2",-24.0349374186469,11.0283536782093
"new.lockdown","Girona","no2",-28.617313540852,13.1735799727063
"pre.lckdwn","Granada","no",-5.64348601541185,36.3427438959039
"lckdwn","Granada","no",-67.0892942792186,6.22549353806029
"fases","Granada","no",-50.4458659204029,6.84320766686415
"normalidad","Granada","no",-32.3970142047669,12.7376479634465
"new.lockdown","Granada","no",-44.9913922967598,18.9675141632819
"pre.lckdwn","Granada","no2",-8.7953589716667,15.6072807415563
"lckdwn","Granada","no2",-56.8008863923522,7.25501675300296
"fases","Granada","no2",-44.9211860452927,7.91474379609525
"normalidad","Granada","no2",-24.0349374186469,11.0283536782093
"new.lockdown","Granada","no2",-28.617313540852,13.1735799727063
"pre.lckdwn","Huelva","no",-5.64348601541185,36.3427438959039
"lckdwn","Huelva","no",-67.0892942792186,6.22549353806029
"fases","Huelva","no",-50.4458659204029,6.84320766686415
"normalidad","Huelva","no",-32.3970142047669,12.7376479634465
"new.lockdown","Huelva","no",-44.9913922967598,18.9675141632819
"pre.lckdwn","Huelva","no2",-8.7953589716667,15.6072807415563
"lckdwn","Huelva","no2",-56.8008863923522,7.25501675300296
"fases","Huelva","no2",-44.9211860452927,7.91474379609525
"normalidad","Huelva","no2",-24.0349374186469,11.0283536782093
"new.lockdown","Huelva","no2",-28.617313540852,13.1735799727063
"pre.lckdwn","Huelva","pm10",28.3680823630514,106.853642761357
"lckdwn","Huelva","pm10",-17.0796401435858,23.7945155123767
"fases","Huelva","pm10",-12.7564446967701,17.7692698041102
"normalidad","Huelva","pm10",-10.9397337578754,16.6879408769493
"new.lockdown","Huelva","pm10",-13.8223616209308,35.5577873080568
"pre.lckdwn","Las Palmas de Gran Canaria","no",-5.64348601541185,36.3427438959039
"lckdwn","Las Palmas de Gran Canaria","no",-67.0892942792186,6.22549353806029
"fases","Las Palmas de Gran Canaria","no",-50.4458659204029,6.84320766686415
"normalidad","Las Palmas de Gran Canaria","no",-32.3970142047669,12.7376479634465
"new.lockdown","Las Palmas de Gran Canaria","no",-44.9913922967598,18.9675141632819
"pre.lckdwn","Las Palmas de Gran Canaria","no2",-8.7953589716667,15.6072807415563
"lckdwn","Las Palmas de Gran Canaria","no2",-56.8008863923522,7.25501675300296
"fases","Las Palmas de Gran Canaria","no2",-44.9211860452927,7.91474379609525
"normalidad","Las Palmas de Gran Canaria","no2",-24.0349374186469,11.0283536782093
"new.lockdown","Las Palmas de Gran Canaria","no2",-28.617313540852,13.1735799727063
"pre.lckdwn","Las Palmas de Gran Canaria","o3",-15.6380534822384,18.5108116124941
"lckdwn","Las Palmas de Gran Canaria","o3",3.16214245154321,8.03630556173656
"fases","Las Palmas de Gran Canaria","o3",-3.07274875391436,4.9978489938801
"normalidad","Las Palmas de Gran Canaria","o3",1.94541047044275,2.66905439241311
"new.lockdown","Las Palmas de Gran Canaria","o3",12.6742303116907,16.4298718776066
"pre.lckdwn","Las Palmas de Gran Canaria","pm10",28.3680823630514,106.853642761357
"lckdwn","Las Palmas de Gran Canaria","pm10",-17.0796401435858,23.7945155123767
"fases","Las Palmas de Gran Canaria","pm10",-12.7564446967701,17.7692698041102
"normalidad","Las Palmas de Gran Canaria","pm10",-10.9397337578754,16.6879408769493
"new.lockdown","Las Palmas de Gran Canaria","pm10",-13.8223616209308,35.5577873080568
"pre.lckdwn","Las Palmas de Gran Canaria","pm2.5",27.7870855109656,119.800601082577
"lckdwn","Las Palmas de Gran Canaria","pm2.5",1.53567157339528,78.5440288650349
"fases","Las Palmas de Gran Canaria","pm2.5",40.2756975526383,557.073046072105
"normalidad","Las Palmas de Gran Canaria","pm2.5",-0.838261525538009,375.166022875348
"new.lockdown","Las Palmas de Gran Canaria","pm2.5",-19.5395014024578,50.4438300224756
"pre.lckdwn","Leganés","no",-5.64348601541185,36.3427438959039
"lckdwn","Leganés","no",-67.0892942792186,6.22549353806029
"fases","Leganés","no",-50.4458659204029,6.84320766686415
"normalidad","Leganés","no",-32.3970142047669,12.7376479634465
"new.lockdown","Leganés","no",-44.9913922967598,18.9675141632819
"pre.lckdwn","Leganés","no2",-8.7953589716667,15.6072807415563
"lckdwn","Leganés","no2",-56.8008863923522,7.25501675300296
"fases","Leganés","no2",-44.9211860452927,7.91474379609525
"normalidad","Leganés","no2",-24.0349374186469,11.0283536782093
"new.lockdown","Leganés","no2",-28.617313540852,13.1735799727063
"pre.lckdwn","Leganés","o3",-15.6380534822384,18.5108116124941
"lckdwn","Leganés","o3",3.16214245154321,8.03630556173656
"fases","Leganés","o3",-3.07274875391436,4.9978489938801
"normalidad","Leganés","o3",1.94541047044275,2.66905439241311
"new.lockdown","Leganés","o3",12.6742303116907,16.4298718776066
"pre.lckdwn","Leganés","pm10",28.3680823630514,106.853642761357
"lckdwn","Leganés","pm10",-17.0796401435858,23.7945155123767
"fases","Leganés","pm10",-12.7564446967701,17.7692698041102
"normalidad","Leganés","pm10",-10.9397337578754,16.6879408769493
"new.lockdown","Leganés","pm10",-13.8223616209308,35.5577873080568
"pre.lckdwn","León","no",-5.64348601541185,36.3427438959039
"lckdwn","León","no",-67.0892942792186,6.22549353806029
"fases","León","no",-50.4458659204029,6.84320766686415
"normalidad","León","no",-32.3970142047669,12.7376479634465
"new.lockdown","León","no",-44.9913922967598,18.9675141632819
"pre.lckdwn","León","no2",-8.7953589716667,15.6072807415563
"lckdwn","León","no2",-56.8008863923522,7.25501675300296
"fases","León","no2",-44.9211860452927,7.91474379609525
"normalidad","León","no2",-24.0349374186469,11.0283536782093
"new.lockdown","León","no2",-28.617313540852,13.1735799727063
"pre.lckdwn","León","pm10",28.3680823630514,106.853642761357
"lckdwn","León","pm10",-17.0796401435858,23.7945155123767
"fases","León","pm10",-12.7564446967701,17.7692698041102
"normalidad","León","pm10",-10.9397337578754,16.6879408769493
"new.lockdown","León","pm10",-13.8223616209308,35.5577873080568
"pre.lckdwn","Lleida","no",-5.64348601541185,36.3427438959039
"lckdwn","Lleida","no",-67.0892942792186,6.22549353806029
"fases","Lleida","no",-50.4458659204029,6.84320766686415
"normalidad","Lleida","no",-32.3970142047669,12.7376479634465
"new.lockdown","Lleida","no",-44.9913922967598,18.9675141632819
"pre.lckdwn","Lleida","no2",-8.7953589716667,15.6072807415563
"lckdwn","Lleida","no2",-56.8008863923522,7.25501675300296
"fases","Lleida","no2",-44.9211860452927,7.91474379609525
"normalidad","Lleida","no2",-24.0349374186469,11.0283536782093
"new.lockdown","Lleida","no2",-28.617313540852,13.1735799727063
"pre.lckdwn","Lleida","o3",-15.6380534822384,18.5108116124941
"lckdwn","Lleida","o3",3.16214245154321,8.03630556173656
"fases","Lleida","o3",-3.07274875391436,4.9978489938801
"normalidad","Lleida","o3",1.94541047044275,2.66905439241311
"new.lockdown","Lleida","o3",12.6742303116907,16.4298718776066
"pre.lckdwn","Madrid","no",-5.64348601541185,36.3427438959039
"lckdwn","Madrid","no",-67.0892942792186,6.22549353806029
"fases","Madrid","no",-50.4458659204029,6.84320766686415
"normalidad","Madrid","no",-32.3970142047669,12.7376479634465
"new.lockdown","Madrid","no",-44.9913922967598,18.9675141632819
"pre.lckdwn","Madrid","no2",-8.7953589716667,15.6072807415563
"lckdwn","Madrid","no2",-56.8008863923522,7.25501675300296
"fases","Madrid","no2",-44.9211860452927,7.91474379609525
"normalidad","Madrid","no2",-24.0349374186469,11.0283536782093
"new.lockdown","Madrid","no2",-28.617313540852,13.1735799727063
"pre.lckdwn","Madrid","o3",-15.6380534822384,18.5108116124941
"lckdwn","Madrid","o3",3.16214245154321,8.03630556173656
"fases","Madrid","o3",-3.07274875391436,4.9978489938801
"normalidad","Madrid","o3",1.94541047044275,2.66905439241311
"new.lockdown","Madrid","o3",12.6742303116907,16.4298718776066
"pre.lckdwn","Madrid","pm10",28.3680823630514,106.853642761357
"lckdwn","Madrid","pm10",-17.0796401435858,23.7945155123767
"fases","Madrid","pm10",-12.7564446967701,17.7692698041102
"normalidad","Madrid","pm10",-10.9397337578754,16.6879408769493
"new.lockdown","Madrid","pm10",-13.8223616209308,35.5577873080568
"pre.lckdwn","Madrid","pm2.5",27.7870855109656,119.800601082577
"lckdwn","Madrid","pm2.5",1.53567157339528,78.5440288650349
"fases","Madrid","pm2.5",40.2756975526383,557.073046072105
"normalidad","Madrid","pm2.5",-0.838261525538009,375.166022875348
"new.lockdown","Madrid","pm2.5",-19.5395014024578,50.4438300224756
"pre.lckdwn","Málaga","no",-5.64348601541185,36.3427438959039
"lckdwn","Málaga","no",-67.0892942792186,6.22549353806029
"fases","Málaga","no",-50.4458659204029,6.84320766686415
"normalidad","Málaga","no",-32.3970142047669,12.7376479634465
"new.lockdown","Málaga","no",-44.9913922967598,18.9675141632819
"pre.lckdwn","Málaga","no2",-8.7953589716667,15.6072807415563
"lckdwn","Málaga","no2",-56.8008863923522,7.25501675300296
"fases","Málaga","no2",-44.9211860452927,7.91474379609525
"normalidad","Málaga","no2",-24.0349374186469,11.0283536782093
"new.lockdown","Málaga","no2",-28.617313540852,13.1735799727063
"pre.lckdwn","Marbella","no",-5.64348601541185,36.3427438959039
"lckdwn","Marbella","no",-67.0892942792186,6.22549353806029
"fases","Marbella","no",-50.4458659204029,6.84320766686415
"normalidad","Marbella","no",-32.3970142047669,12.7376479634465
"new.lockdown","Marbella","no",-44.9913922967598,18.9675141632819
"pre.lckdwn","Marbella","no2",-8.7953589716667,15.6072807415563
"lckdwn","Marbella","no2",-56.8008863923522,7.25501675300296
"fases","Marbella","no2",-44.9211860452927,7.91474379609525
"normalidad","Marbella","no2",-24.0349374186469,11.0283536782093
"new.lockdown","Marbella","no2",-28.617313540852,13.1735799727063
"pre.lckdwn","Marbella","o3",-15.6380534822384,18.5108116124941
"lckdwn","Marbella","o3",3.16214245154321,8.03630556173656
"fases","Marbella","o3",-3.07274875391436,4.9978489938801
"normalidad","Marbella","o3",1.94541047044275,2.66905439241311
"new.lockdown","Marbella","o3",12.6742303116907,16.4298718776066
"pre.lckdwn","Marbella","pm10",28.3680823630514,106.853642761357
"lckdwn","Marbella","pm10",-17.0796401435858,23.7945155123767
"fases","Marbella","pm10",-12.7564446967701,17.7692698041102
"normalidad","Marbella","pm10",-10.9397337578754,16.6879408769493
"new.lockdown","Marbella","pm10",-13.8223616209308,35.5577873080568
"pre.lckdwn","Ourense","no",-5.64348601541185,36.3427438959039
"lckdwn","Ourense","no",-67.0892942792186,6.22549353806029
"fases","Ourense","no",-50.4458659204029,6.84320766686415
"normalidad","Ourense","no",-32.3970142047669,12.7376479634465
"new.lockdown","Ourense","no",-44.9913922967598,18.9675141632819
"pre.lckdwn","Ourense","no2",-8.7953589716667,15.6072807415563
"lckdwn","Ourense","no2",-56.8008863923522,7.25501675300296
"fases","Ourense","no2",-44.9211860452927,7.91474379609525
"normalidad","Ourense","no2",-24.0349374186469,11.0283536782093
"new.lockdown","Ourense","no2",-28.617313540852,13.1735799727063
"pre.lckdwn","Ourense","o3",-15.6380534822384,18.5108116124941
"lckdwn","Ourense","o3",3.16214245154321,8.03630556173656
"fases","Ourense","o3",-3.07274875391436,4.9978489938801
"normalidad","Ourense","o3",1.94541047044275,2.66905439241311
"new.lockdown","Ourense","o3",12.6742303116907,16.4298718776066
"pre.lckdwn","Ourense","pm10",28.3680823630514,106.853642761357
"lckdwn","Ourense","pm10",-17.0796401435858,23.7945155123767
"fases","Ourense","pm10",-12.7564446967701,17.7692698041102
"normalidad","Ourense","pm10",-10.9397337578754,16.6879408769493
"new.lockdown","Ourense","pm10",-13.8223616209308,35.5577873080568
"pre.lckdwn","Ourense","pm2.5",27.7870855109656,119.800601082577
"lckdwn","Ourense","pm2.5",1.53567157339528,78.5440288650349
"fases","Ourense","pm2.5",40.2756975526383,557.073046072105
"normalidad","Ourense","pm2.5",-0.838261525538009,375.166022875348
"new.lockdown","Ourense","pm2.5",-19.5395014024578,50.4438300224756
"pre.lckdwn","Oviedo","no",-5.64348601541185,36.3427438959039
"lckdwn","Oviedo","no",-67.0892942792186,6.22549353806029
"fases","Oviedo","no",-50.4458659204029,6.84320766686415
"normalidad","Oviedo","no",-32.3970142047669,12.7376479634465
"new.lockdown","Oviedo","no",-44.9913922967598,18.9675141632819
"pre.lckdwn","Oviedo","no2",-8.7953589716667,15.6072807415563
"lckdwn","Oviedo","no2",-56.8008863923522,7.25501675300296
"fases","Oviedo","no2",-44.9211860452927,7.91474379609525
"normalidad","Oviedo","no2",-24.0349374186469,11.0283536782093
"new.lockdown","Oviedo","no2",-28.617313540852,13.1735799727063
"pre.lckdwn","Oviedo","o3",-15.6380534822384,18.5108116124941
"lckdwn","Oviedo","o3",3.16214245154321,8.03630556173656
"fases","Oviedo","o3",-3.07274875391436,4.9978489938801
"normalidad","Oviedo","o3",1.94541047044275,2.66905439241311
"new.lockdown","Oviedo","o3",12.6742303116907,16.4298718776066
"pre.lckdwn","Oviedo","pm10",28.3680823630514,106.853642761357
"lckdwn","Oviedo","pm10",-17.0796401435858,23.7945155123767
"fases","Oviedo","pm10",-12.7564446967701,17.7692698041102
"normalidad","Oviedo","pm10",-10.9397337578754,16.6879408769493
"new.lockdown","Oviedo","pm10",-13.8223616209308,35.5577873080568
"pre.lckdwn","Oviedo","pm2.5",27.7870855109656,119.800601082577
"lckdwn","Oviedo","pm2.5",1.53567157339528,78.5440288650349
"fases","Oviedo","pm2.5",40.2756975526383,557.073046072105
"normalidad","Oviedo","pm2.5",-0.838261525538009,375.166022875348
"new.lockdown","Oviedo","pm2.5",-19.5395014024578,50.4438300224756
"pre.lckdwn","Palma","no",-5.64348601541185,36.3427438959039
"lckdwn","Palma","no",-67.0892942792186,6.22549353806029
"fases","Palma","no",-50.4458659204029,6.84320766686415
"normalidad","Palma","no",-32.3970142047669,12.7376479634465
"new.lockdown","Palma","no",-44.9913922967598,18.9675141632819
"pre.lckdwn","Palma","no2",-8.7953589716667,15.6072807415563
"lckdwn","Palma","no2",-56.8008863923522,7.25501675300296
"fases","Palma","no2",-44.9211860452927,7.91474379609525
"normalidad","Palma","no2",-24.0349374186469,11.0283536782093
"new.lockdown","Palma","no2",-28.617313540852,13.1735799727063
"pre.lckdwn","Palma","o3",-15.6380534822384,18.5108116124941
"lckdwn","Palma","o3",3.16214245154321,8.03630556173656
"fases","Palma","o3",-3.07274875391436,4.9978489938801
"normalidad","Palma","o3",1.94541047044275,2.66905439241311
"new.lockdown","Palma","o3",12.6742303116907,16.4298718776066
"pre.lckdwn","Palma","pm10",28.3680823630514,106.853642761357
"lckdwn","Palma","pm10",-17.0796401435858,23.7945155123767
"fases","Palma","pm10",-12.7564446967701,17.7692698041102
"normalidad","Palma","pm10",-10.9397337578754,16.6879408769493
"new.lockdown","Palma","pm10",-13.8223616209308,35.5577873080568
"pre.lckdwn","Pamplona","no",-5.64348601541185,36.3427438959039
"lckdwn","Pamplona","no",-67.0892942792186,6.22549353806029
"fases","Pamplona","no",-50.4458659204029,6.84320766686415
"normalidad","Pamplona","no",-32.3970142047669,12.7376479634465
"new.lockdown","Pamplona","no",-44.9913922967598,18.9675141632819
"pre.lckdwn","Pamplona","no2",-8.7953589716667,15.6072807415563
"lckdwn","Pamplona","no2",-56.8008863923522,7.25501675300296
"fases","Pamplona","no2",-44.9211860452927,7.91474379609525
"normalidad","Pamplona","no2",-24.0349374186469,11.0283536782093
"new.lockdown","Pamplona","no2",-28.617313540852,13.1735799727063
"pre.lckdwn","Pamplona","o3",-15.6380534822384,18.5108116124941
"lckdwn","Pamplona","o3",3.16214245154321,8.03630556173656
"fases","Pamplona","o3",-3.07274875391436,4.9978489938801
"normalidad","Pamplona","o3",1.94541047044275,2.66905439241311
"new.lockdown","Pamplona","o3",12.6742303116907,16.4298718776066
"pre.lckdwn","Pamplona","pm10",28.3680823630514,106.853642761357
"lckdwn","Pamplona","pm10",-17.0796401435858,23.7945155123767
"fases","Pamplona","pm10",-12.7564446967701,17.7692698041102
"normalidad","Pamplona","pm10",-10.9397337578754,16.6879408769493
"new.lockdown","Pamplona","pm10",-13.8223616209308,35.5577873080568
"pre.lckdwn","Sabadell","no",-5.64348601541185,36.3427438959039
"lckdwn","Sabadell","no",-67.0892942792186,6.22549353806029
"fases","Sabadell","no",-50.4458659204029,6.84320766686415
"normalidad","Sabadell","no",-32.3970142047669,12.7376479634465
"new.lockdown","Sabadell","no",-44.9913922967598,18.9675141632819
"pre.lckdwn","Sabadell","no2",-8.7953589716667,15.6072807415563
"lckdwn","Sabadell","no2",-56.8008863923522,7.25501675300296
"fases","Sabadell","no2",-44.9211860452927,7.91474379609525
"normalidad","Sabadell","no2",-24.0349374186469,11.0283536782093
"new.lockdown","Sabadell","no2",-28.617313540852,13.1735799727063
"pre.lckdwn","Sabadell","o3",-15.6380534822384,18.5108116124941
"lckdwn","Sabadell","o3",3.16214245154321,8.03630556173656
"fases","Sabadell","o3",-3.07274875391436,4.9978489938801
"normalidad","Sabadell","o3",1.94541047044275,2.66905439241311
"new.lockdown","Sabadell","o3",12.6742303116907,16.4298718776066
"pre.lckdwn","Salamanca","no",-5.64348601541185,36.3427438959039
"lckdwn","Salamanca","no",-67.0892942792186,6.22549353806029
"fases","Salamanca","no",-50.4458659204029,6.84320766686415
"normalidad","Salamanca","no",-32.3970142047669,12.7376479634465
"new.lockdown","Salamanca","no",-44.9913922967598,18.9675141632819
"pre.lckdwn","Salamanca","no2",-8.7953589716667,15.6072807415563
"lckdwn","Salamanca","no2",-56.8008863923522,7.25501675300296
"fases","Salamanca","no2",-44.9211860452927,7.91474379609525
"normalidad","Salamanca","no2",-24.0349374186469,11.0283536782093
"new.lockdown","Salamanca","no2",-28.617313540852,13.1735799727063
"pre.lckdwn","Salamanca","pm10",28.3680823630514,106.853642761357
"lckdwn","Salamanca","pm10",-17.0796401435858,23.7945155123767
"fases","Salamanca","pm10",-12.7564446967701,17.7692698041102
"normalidad","Salamanca","pm10",-10.9397337578754,16.6879408769493
"new.lockdown","Salamanca","pm10",-13.8223616209308,35.5577873080568
"pre.lckdwn","San Sebastián","no",-5.64348601541185,36.3427438959039
"lckdwn","San Sebastián","no",-67.0892942792186,6.22549353806029
"fases","San Sebastián","no",-50.4458659204029,6.84320766686415
"normalidad","San Sebastián","no",-32.3970142047669,12.7376479634465
"new.lockdown","San Sebastián","no",-44.9913922967598,18.9675141632819
"pre.lckdwn","San Sebastián","no2",-8.7953589716667,15.6072807415563
"lckdwn","San Sebastián","no2",-56.8008863923522,7.25501675300296
"fases","San Sebastián","no2",-44.9211860452927,7.91474379609525
"normalidad","San Sebastián","no2",-24.0349374186469,11.0283536782093
"new.lockdown","San Sebastián","no2",-28.617313540852,13.1735799727063
"pre.lckdwn","San Sebastián","o3",-15.6380534822384,18.5108116124941
"lckdwn","San Sebastián","o3",3.16214245154321,8.03630556173656
"fases","San Sebastián","o3",-3.07274875391436,4.9978489938801
"normalidad","San Sebastián","o3",1.94541047044275,2.66905439241311
"new.lockdown","San Sebastián","o3",12.6742303116907,16.4298718776066
"pre.lckdwn","San Sebastián","pm10",28.3680823630514,106.853642761357
"lckdwn","San Sebastián","pm10",-17.0796401435858,23.7945155123767
"fases","San Sebastián","pm10",-12.7564446967701,17.7692698041102
"normalidad","San Sebastián","pm10",-10.9397337578754,16.6879408769493
"new.lockdown","San Sebastián","pm10",-13.8223616209308,35.5577873080568
"pre.lckdwn","San Sebastián","pm2.5",27.7870855109656,119.800601082577
"lckdwn","San Sebastián","pm2.5",1.53567157339528,78.5440288650349
"fases","San Sebastián","pm2.5",40.2756975526383,557.073046072105
"normalidad","San Sebastián","pm2.5",-0.838261525538009,375.166022875348
"new.lockdown","San Sebastián","pm2.5",-19.5395014024578,50.4438300224756
"pre.lckdwn","Santander","no",-5.64348601541185,36.3427438959039
"lckdwn","Santander","no",-67.0892942792186,6.22549353806029
"fases","Santander","no",-50.4458659204029,6.84320766686415
"normalidad","Santander","no",-32.3970142047669,12.7376479634465
"new.lockdown","Santander","no",-44.9913922967598,18.9675141632819
"pre.lckdwn","Santander","no2",-8.7953589716667,15.6072807415563
"lckdwn","Santander","no2",-56.8008863923522,7.25501675300296
"fases","Santander","no2",-44.9211860452927,7.91474379609525
"normalidad","Santander","no2",-24.0349374186469,11.0283536782093
"new.lockdown","Santander","no2",-28.617313540852,13.1735799727063
"pre.lckdwn","Santander","pm10",28.3680823630514,106.853642761357
"lckdwn","Santander","pm10",-17.0796401435858,23.7945155123767
"fases","Santander","pm10",-12.7564446967701,17.7692698041102
"normalidad","Santander","pm10",-10.9397337578754,16.6879408769493
"new.lockdown","Santander","pm10",-13.8223616209308,35.5577873080568
"pre.lckdwn","Sevilla","no",-5.64348601541185,36.3427438959039
"lckdwn","Sevilla","no",-67.0892942792186,6.22549353806029
"fases","Sevilla","no",-50.4458659204029,6.84320766686415
"normalidad","Sevilla","no",-32.3970142047669,12.7376479634465
"new.lockdown","Sevilla","no",-44.9913922967598,18.9675141632819
"pre.lckdwn","Sevilla","no2",-8.7953589716667,15.6072807415563
"lckdwn","Sevilla","no2",-56.8008863923522,7.25501675300296
"fases","Sevilla","no2",-44.9211860452927,7.91474379609525
"normalidad","Sevilla","no2",-24.0349374186469,11.0283536782093
"new.lockdown","Sevilla","no2",-28.617313540852,13.1735799727063
"pre.lckdwn","Sevilla","o3",-15.6380534822384,18.5108116124941
"lckdwn","Sevilla","o3",3.16214245154321,8.03630556173656
"fases","Sevilla","o3",-3.07274875391436,4.9978489938801
"normalidad","Sevilla","o3",1.94541047044275,2.66905439241311
"new.lockdown","Sevilla","o3",12.6742303116907,16.4298718776066
"pre.lckdwn","Tarrasa","no",-5.64348601541185,36.3427438959039
"lckdwn","Tarrasa","no",-67.0892942792186,6.22549353806029
"fases","Tarrasa","no",-50.4458659204029,6.84320766686415
"normalidad","Tarrasa","no",-32.3970142047669,12.7376479634465
"new.lockdown","Tarrasa","no",-44.9913922967598,18.9675141632819
"pre.lckdwn","Tarrasa","no2",-8.7953589716667,15.6072807415563
"lckdwn","Tarrasa","no2",-56.8008863923522,7.25501675300296
"fases","Tarrasa","no2",-44.9211860452927,7.91474379609525
"normalidad","Tarrasa","no2",-24.0349374186469,11.0283536782093
"new.lockdown","Tarrasa","no2",-28.617313540852,13.1735799727063
"pre.lckdwn","Tarrasa","o3",-15.6380534822384,18.5108116124941
"lckdwn","Tarrasa","o3",3.16214245154321,8.03630556173656
"fases","Tarrasa","o3",-3.07274875391436,4.9978489938801
"normalidad","Tarrasa","o3",1.94541047044275,2.66905439241311
"new.lockdown","Tarrasa","o3",12.6742303116907,16.4298718776066
"pre.lckdwn","Valencia","no",-5.64348601541185,36.3427438959039
"lckdwn","Valencia","no",-67.0892942792186,6.22549353806029
"fases","Valencia","no",-50.4458659204029,6.84320766686415
"normalidad","Valencia","no",-32.3970142047669,12.7376479634465
"new.lockdown","Valencia","no",-44.9913922967598,18.9675141632819
"pre.lckdwn","Valencia","no2",-8.7953589716667,15.6072807415563
"lckdwn","Valencia","no2",-56.8008863923522,7.25501675300296
"fases","Valencia","no2",-44.9211860452927,7.91474379609525
"normalidad","Valencia","no2",-24.0349374186469,11.0283536782093
"new.lockdown","Valencia","no2",-28.617313540852,13.1735799727063
"pre.lckdwn","Valencia","o3",-15.6380534822384,18.5108116124941
"lckdwn","Valencia","o3",3.16214245154321,8.03630556173656
"fases","Valencia","o3",-3.07274875391436,4.9978489938801
"normalidad","Valencia","o3",1.94541047044275,2.66905439241311
"new.lockdown","Valencia","o3",12.6742303116907,16.4298718776066
"pre.lckdwn","Valencia","pm10",28.3680823630514,106.853642761357
"lckdwn","Valencia","pm10",-17.0796401435858,23.7945155123767
"fases","Valencia","pm10",-12.7564446967701,17.7692698041102
"normalidad","Valencia","pm10",-10.9397337578754,16.6879408769493
"new.lockdown","Valencia","pm10",-13.8223616209308,35.5577873080568
"pre.lckdwn","Valencia","pm2.5",27.7870855109656,119.800601082577
"lckdwn","Valencia","pm2.5",1.53567157339528,78.5440288650349
"fases","Valencia","pm2.5",40.2756975526383,557.073046072105
"normalidad","Valencia","pm2.5",-0.838261525538009,375.166022875348
"new.lockdown","Valencia","pm2.5",-19.5395014024578,50.4438300224756
"pre.lckdwn","Valladolid","no",-5.64348601541185,36.3427438959039
"lckdwn","Valladolid","no",-67.0892942792186,6.22549353806029
"fases","Valladolid","no",-50.4458659204029,6.84320766686415
"normalidad","Valladolid","no",-32.3970142047669,12.7376479634465
"new.lockdown","Valladolid","no",-44.9913922967598,18.9675141632819
"pre.lckdwn","Valladolid","no2",-8.7953589716667,15.6072807415563
"lckdwn","Valladolid","no2",-56.8008863923522,7.25501675300296
"fases","Valladolid","no2",-44.9211860452927,7.91474379609525
"normalidad","Valladolid","no2",-24.0349374186469,11.0283536782093
"new.lockdown","Valladolid","no2",-28.617313540852,13.1735799727063
"pre.lckdwn","Valladolid","o3",-15.6380534822384,18.5108116124941
"lckdwn","Valladolid","o3",3.16214245154321,8.03630556173656
"fases","Valladolid","o3",-3.07274875391436,4.9978489938801
"normalidad","Valladolid","o3",1.94541047044275,2.66905439241311
"new.lockdown","Valladolid","o3",12.6742303116907,16.4298718776066
"pre.lckdwn","Valladolid","pm10",28.3680823630514,106.853642761357
"lckdwn","Valladolid","pm10",-17.0796401435858,23.7945155123767
"fases","Valladolid","pm10",-12.7564446967701,17.7692698041102
"normalidad","Valladolid","pm10",-10.9397337578754,16.6879408769493
"new.lockdown","Valladolid","pm10",-13.8223616209308,35.5577873080568
"pre.lckdwn","Valladolid","pm2.5",27.7870855109656,119.800601082577
"lckdwn","Valladolid","pm2.5",1.53567157339528,78.5440288650349
"fases","Valladolid","pm2.5",40.2756975526383,557.073046072105
"normalidad","Valladolid","pm2.5",-0.838261525538009,375.166022875348
"new.lockdown","Valladolid","pm2.5",-19.5395014024578,50.4438300224756
"pre.lckdwn","Vigo","no",-5.64348601541185,36.3427438959039
"lckdwn","Vigo","no",-67.0892942792186,6.22549353806029
"fases","Vigo","no",-50.4458659204029,6.84320766686415
"normalidad","Vigo","no",-32.3970142047669,12.7376479634465
"new.lockdown","Vigo","no",-44.9913922967598,18.9675141632819
"pre.lckdwn","Vigo","no2",-8.7953589716667,15.6072807415563
"lckdwn","Vigo","no2",-56.8008863923522,7.25501675300296
"fases","Vigo","no2",-44.9211860452927,7.91474379609525
"normalidad","Vigo","no2",-24.0349374186469,11.0283536782093
"new.lockdown","Vigo","no2",-28.617313540852,13.1735799727063
"pre.lckdwn","Vigo","o3",-15.6380534822384,18.5108116124941
"lckdwn","Vigo","o3",3.16214245154321,8.03630556173656
"fases","Vigo","o3",-3.07274875391436,4.9978489938801
"normalidad","Vigo","o3",1.94541047044275,2.66905439241311
"new.lockdown","Vigo","o3",12.6742303116907,16.4298718776066
"pre.lckdwn","Vigo","pm10",28.3680823630514,106.853642761357
"lckdwn","Vigo","pm10",-17.0796401435858,23.7945155123767
"fases","Vigo","pm10",-12.7564446967701,17.7692698041102
"normalidad","Vigo","pm10",-10.9397337578754,16.6879408769493
"new.lockdown","Vigo","pm10",-13.8223616209308,35.5577873080568
"pre.lckdwn","Vigo","pm2.5",27.7870855109656,119.800601082577
"lckdwn","Vigo","pm2.5",1.53567157339528,78.5440288650349
"fases","Vigo","pm2.5",40.2756975526383,557.073046072105
"normalidad","Vigo","pm2.5",-0.838261525538009,375.166022875348
"new.lockdown","Vigo","pm2.5",-19.5395014024578,50.4438300224756
"pre.lckdwn","Vitoria","no",-5.64348601541185,36.3427438959039
"lckdwn","Vitoria","no",-67.0892942792186,6.22549353806029
"fases","Vitoria","no",-50.4458659204029,6.84320766686415
"normalidad","Vitoria","no",-32.3970142047669,12.7376479634465
"new.lockdown","Vitoria","no",-44.9913922967598,18.9675141632819
"pre.lckdwn","Vitoria","no2",-8.7953589716667,15.6072807415563
"lckdwn","Vitoria","no2",-56.8008863923522,7.25501675300296
"fases","Vitoria","no2",-44.9211860452927,7.91474379609525
"normalidad","Vitoria","no2",-24.0349374186469,11.0283536782093
"new.lockdown","Vitoria","no2",-28.617313540852,13.1735799727063
"pre.lckdwn","Vitoria","pm10",28.3680823630514,106.853642761357
"lckdwn","Vitoria","pm10",-17.0796401435858,23.7945155123767
"fases","Vitoria","pm10",-12.7564446967701,17.7692698041102
"normalidad","Vitoria","pm10",-10.9397337578754,16.6879408769493
"new.lockdown","Vitoria","pm10",-13.8223616209308,35.5577873080568
"pre.lckdwn","Vitoria","pm2.5",27.7870855109656,119.800601082577
"lckdwn","Vitoria","pm2.5",1.53567157339528,78.5440288650349
"fases","Vitoria","pm2.5",40.2756975526383,557.073046072105
"normalidad","Vitoria","pm2.5",-0.838261525538009,375.166022875348
"new.lockdown","Vitoria","pm2.5",-19.5395014024578,50.4438300224756
"pre.lckdwn","Zaragoza","no",-5.64348601541185,36.3427438959039
"lckdwn","Zaragoza","no",-67.0892942792186,6.22549353806029
"fases","Zaragoza","no",-50.4458659204029,6.84320766686415
"normalidad","Zaragoza","no",-32.3970142047669,12.7376479634465
"new.lockdown","Zaragoza","no",-44.9913922967598,18.9675141632819
"pre.lckdwn","Zaragoza","no2",-8.7953589716667,15.6072807415563
"lckdwn","Zaragoza","no2",-56.8008863923522,7.25501675300296
"fases","Zaragoza","no2",-44.9211860452927,7.91474379609525
"normalidad","Zaragoza","no2",-24.0349374186469,11.0283536782093
"new.lockdown","Zaragoza","no2",-28.617313540852,13.1735799727063
"pre.lckdwn","Zaragoza","o3",-15.6380534822384,18.5108116124941
"lckdwn","Zaragoza","o3",3.16214245154321,8.03630556173656
"fases","Zaragoza","o3",-3.07274875391436,4.9978489938801
"normalidad","Zaragoza","o3",1.94541047044275,2.66905439241311
"new.lockdown","Zaragoza","o3",12.6742303116907,16.4298718776066
"pre.lckdwn","Zaragoza","pm10",28.3680823630514,106.853642761357
"lckdwn","Zaragoza","pm10",-17.0796401435858,23.7945155123767
"fases","Zaragoza","pm10",-12.7564446967701,17.7692698041102
"normalidad","Zaragoza","pm10",-10.9397337578754,16.6879408769493
"new.lockdown","Zaragoza","pm10",-13.8223616209308,35.5577873080568
