"site","start_dt","end_dt","miss_dy","fecha","indicativo","nombre","provincia","altitud","tmed","prec","tmin","horatmin","tmax","horatmax","dir","velmedia","racha","horaracha","sol","presMax","horaPresMax","presMin","horaPresMin"
"0002I",2013-03-13,2020-01-21,644,0.779678412589805,0.779678412589805,0.779678412589805,0.779678412589805,0.779678412589805,0.736914129319193,0.69483407458091,0.736914129319193,0.779678412589805,0.736914129319193,0.779678412589805,0.720834758809442,0.736914129319193,0.720834758809442,0.779678412589805,NA,NA,NA,NA,NA
"0016A",2013-01-01,2020-12-31,0,1,1,1,1,1,0.957919945261717,1,0.957919945261717,1,0.958262059527882,1,0.995552514539856,0.99931577146767,0.995552514539856,1,0.991447143345877,0.998289428669175,0.997947314403011,0.99863154293534,0.998289428669175
"0076",2013-01-01,2020-12-31,0,1,1,1,1,1,0.995210400273691,0.996920971604516,0.995210400273691,1,0.995210400273691,1,0.990420800547383,0.995210400273691,0.990420800547383,1,0.978446801231611,0.995210400273691,0.994526171741362,0.995210400273691,0.994526171741362
"0149X",2013-01-01,2020-12-31,42,0.985631200821074,0.985631200821074,0.985631200821074,0.985631200821074,0.985631200821074,0.977078344166952,0.962367430721861,0.977078344166952,0.985631200821074,0.977078344166952,0.985631200821074,0.93226137529935,0.940472117687308,0.93226137529935,0.985631200821074,0.96647280191584,0.978446801231611,0.978446801231611,0.978446801231611,0.978446801231611
"0200E",2013-01-01,2020-12-31,0,1,1,1,1,1,1,1,1,1,1,1,0.99931577146767,1,0.99931577146767,1,1,1,1,1,1
"0201D",2013-01-01,2020-12-31,10,0.996578857338351,0.996578857338351,0.996578857338351,0.996578857338351,0.996578857338351,0.925076975709887,0.992131371878207,0.925076975709887,0.996578857338351,0.925076975709887,0.996578857338351,0.991789257612042,0.993841943209032,0.991789257612042,0.996578857338351,NA,NA,NA,NA,NA
"0252D",2013-01-01,2020-12-31,220,0.924734861443722,0.924734861443722,0.924734861443722,0.924734861443722,0.924734861443722,0.907629148135477,0.913102976394116,0.907629148135477,0.924734861443722,0.907629148135477,0.924734861443722,0.921997947314403,0.923366404379063,0.921997947314403,0.924734861443722,NA,NA,NA,NA,NA
"0255B",2013-01-01,2020-12-31,44,0.984946972288744,0.984946972288744,0.984946972288744,0.984946972288744,0.984946972288744,0.960314745124872,0.681833732466644,0.960314745124872,0.984946972288744,0.960314745124872,0.984946972288744,0.838179952104003,0.840916866233322,0.838179952104003,0.984946972288744,NA,NA,NA,NA,NA
"0324A",2013-01-01,2020-12-31,96,0.96715703044817,0.96715703044817,0.96715703044817,0.96715703044817,0.96715703044817,0.904550119739993,0.854943551146083,0.904550119739993,0.96715703044817,0.904550119739993,0.96715703044817,0.691755046185426,0.696544645911734,0.691755046185426,0.96715703044817,NA,NA,NA,NA,NA
"0367",2013-01-01,2020-12-31,1,0.999657885733835,0.999657885733835,0.999657885733835,0.999657885733835,0.999657885733835,0.98392062949025,0.997947314403011,0.984262743756415,0.999657885733835,0.984946972288744,0.999657885733835,0.984946972288744,0.991105029079713,0.984946972288744,0.999657885733835,0.928840232637701,0.988026000684229,0.988026000684229,0.988368114950393,0.988368114950393
"0372C",2013-03-08,2020-12-31,304,0.895997263085871,0.895997263085871,0.895997263085871,0.895997263085871,0.895997263085871,0.825863838522066,0.883339035237769,0.825863838522066,0.895997263085871,0.825863838522066,0.895997263085871,0.834758809442354,0.838179952104003,0.834758809442354,0.895997263085871,NA,NA,NA,NA,NA
"1002Y",2013-01-01,2020-12-31,132,0.954840916866233,0.954840916866233,0.954840916866233,0.954840916866233,0.954840916866233,0.911050290797126,0.939445774888813,0.911050290797126,0.954840916866233,0.911050290797126,0.954840916866233,0.93089291823469,0.942524803284297,0.93089291823469,0.954840916866233,NA,NA,NA,NA,NA
"1014",2013-01-01,2020-12-31,0,1,1,1,1,1,1,1,1,1,1,1,1,1,1,1,1,1,1,1,1
"1014A",2013-01-01,2020-12-31,0,1,1,1,1,1,0.992815600410537,0.996578857338351,0.992815600410537,1,0.992815600410537,1,0.995552514539856,0.998973657201505,0.995552514539856,1,0.999657885733835,0.995894628806021,0.995894628806021,0.995894628806021,0.995894628806021
"1024E",2013-01-01,2020-12-31,0,1,1,1,1,1,1,1,1,1,1,1,1,1,1,1,0.99931577146767,1,1,1,1
"1037Y",2013-01-01,2020-12-31,51,0.98255217242559,0.98255217242559,0.98255217242559,0.98255217242559,0.98255217242559,0.971604515908313,0.967499144714335,0.971604515908313,0.98255217242559,0.971604515908313,0.98255217242559,0.965446459117345,0.971262401642148,0.965446459117345,0.98255217242559,NA,0.969893944577489,0.969893944577489,0.969893944577489,0.969893944577489
"1041A",2013-01-01,2020-12-31,4,0.99863154293534,0.99863154293534,0.99863154293534,0.99863154293534,0.99863154293534,0.992473486144372,0.996920971604516,0.992473486144372,0.99863154293534,0.992473486144372,0.99863154293534,0.993157714676702,0.995894628806021,0.993157714676702,0.99863154293534,NA,NA,NA,NA,NA
"1050J",2013-01-01,2020-12-31,46,0.984262743756415,0.984262743756415,0.984262743756415,0.984262743756415,0.984262743756415,0.976052001368457,0.98392062949025,0.976052001368457,0.984262743756415,0.976052001368457,0.984262743756415,0.972972972972973,0.979815258296271,0.972972972972973,0.984262743756415,NA,0.8645227505987,0.8645227505987,0.8645227505987,0.8645227505987
"1055B",2013-01-01,2020-03-29,344,0.882312692439275,0.882312692439275,0.882312692439275,0.882312692439275,0.882312692439275,0.825863838522066,0.747861785836469,0.825863838522066,0.882312692439275,0.825863838522066,0.882312692439275,0.825179609989737,0.837153609305508,0.825179609989737,0.882312692439275,NA,0.832706123845364,0.832706123845364,0.833732466643859,0.833732466643859
"1057B",2013-01-01,2020-12-31,121,0.958604173794047,0.958604173794047,0.958604173794047,0.958604173794047,0.958604173794047,0.367430721861102,0.958262059527882,0.367430721861102,0.958604173794047,0.367430721861102,0.958604173794047,0.943551146082792,0.945945945945946,0.943551146082792,0.958604173794047,NA,NA,NA,NA,NA
"1059X",2013-01-01,2020-12-31,43,0.985289086554909,0.985289086554909,0.985289086554909,0.985289086554909,0.985289086554909,0.94765651727677,0.980157372562436,0.94765651727677,0.985289086554909,0.94765651727677,0.985289086554909,0.972288744440643,0.977420458433117,0.972288744440643,0.985289086554909,NA,0.936024632227164,0.936024632227164,0.936024632227164,0.936024632227164
"1078I",2013-01-01,2020-12-31,507,0.826548067054396,0.826548067054396,0.826548067054396,0.826548067054396,0.826548067054396,0.802942182689018,0.823811152925077,0.802942182689018,0.826548067054396,0.802942182689018,0.826548067054396,0.807389668149162,0.811495039343141,0.807389668149162,0.826548067054396,NA,0.691412931919261,0.691412931919261,0.691412931919261,0.691412931919261
"1082",2013-01-01,2020-12-31,0,1,1,1,1,1,1,1,1,1,1,1,0.999657885733835,0.99931577146767,0.999657885733835,1,1,1,1,1,1
"1083L",2014-04-29,2020-12-31,588,0.798836811495039,0.798836811495039,0.798836811495039,0.798836811495039,0.798836811495039,0.773520355798837,0.781388983920629,0.773520355798837,0.798836811495039,0.773520355798837,0.798836811495039,0.78002052685597,0.788915497776257,0.78002052685597,0.798836811495039,NA,NA,NA,NA,NA
"1109",2013-01-01,2020-12-31,0,1,1,1,1,1,0.986657543619569,1,0.986657543619569,1,0.986657543619569,1,0.510776599384194,0.50769757098871,0.510776599384194,1,0.976394115634622,0.999657885733835,0.999657885733835,1,0.999657885733835
"1111",2013-01-01,2020-12-31,0,1,1,1,1,1,1,1,1,1,1,1,1,1,1,1,0.99863154293534,0.999657885733835,0.999657885733835,0.999657885733835,0.99931577146767
"1111X",2013-01-01,2020-12-31,0,1,1,1,1,1,1,1,1,1,1,1,1,1,1,1,0.99863154293534,0.999657885733835,0.999657885733835,0.999657885733835,0.999657885733835
"1159",2013-01-01,2020-12-31,0,1,1,1,1,1,0.993157714676702,1,0.993157714676702,1,0.993157714676702,1,0.989052343482723,0.992131371878207,0.989052343482723,1,NA,0.693807731782415,0.693807731782415,0.693807731782415,0.693807731782415
"1207U",2013-10-11,2020-12-31,283,0.903181662675334,0.903181662675334,0.903181662675334,0.903181662675334,0.903181662675334,0.878207321245296,0.855285665412248,0.878207321245296,0.903181662675334,0.878207321245296,0.903181662675334,0.816284639069449,0.836127266507013,0.816284639069449,0.903181662675334,0.738966814916182,0.841601094765652,0.841601094765652,0.841258980499487,0.841258980499487
"1208H",2013-01-01,2020-12-31,0,1,1,1,1,1,1,1,1,1,1,1,NA,NA,NA,NA,0.950735545672254,1,1,1,1
"1210X",2013-01-01,2020-12-31,199,0.931919261033185,0.931919261033185,0.931919261033185,0.931919261033185,0.931919261033185,0.52582962709545,0.726308587068081,0.52582962709545,0.931919261033185,0.52582962709545,0.931919261033185,0.911734519329456,0.921313718782073,0.911734519329456,0.931919261033185,NA,NA,NA,NA,NA
"1212E",2013-01-01,2020-12-31,0,1,1,1,1,1,0.987341772151899,1,0.987341772151899,1,0.989394457748888,1,0.982210058159425,0.991789257612042,0.982210058159425,1,0.959972630858707,0.985973315087239,0.985973315087239,0.986315429353404,0.986315429353404
"1221D",2013-01-01,2020-12-31,152,0.947998631542935,0.947998631542935,0.947998631542935,0.947998631542935,0.947998631542935,0.919603147451249,0.947998631542935,0.919603147451249,0.947998631542935,0.919603147451249,0.947998631542935,0.895655148819706,0.910366062264796,0.895655148819706,0.947998631542935,NA,NA,NA,NA,NA
"1249I",2013-01-01,2020-12-31,0,1,1,1,1,1,1,1,1,1,1,1,0.671228190215532,0.67943893260349,0.671228190215532,1,0.998973657201505,0.999657885733835,0.999657885733835,1,0.999657885733835
"1249X",2013-01-01,2020-12-31,0,1,1,1,1,1,1,1,1,1,1,1,0.995210400273691,0.996236743072186,0.995210400273691,1,0.999657885733835,0.999657885733835,0.999657885733835,0.99931577146767,0.99931577146767
"1283U",2013-01-01,2020-12-31,143,0.951077659938419,0.951077659938419,0.951077659938419,0.951077659938419,0.951077659938419,0.940814231953472,0.872391378720493,0.940814231953472,0.951077659938419,0.940814231953472,0.951077659938419,0.858022579541567,0.872733492986658,0.858022579541567,0.951077659938419,0.941840574751967,0.945603831679781,0.945603831679781,0.945603831679781,0.945603831679781
"1428",2013-01-01,2020-12-31,0,1,1,1,1,1,0.996236743072186,1,0.996236743072186,1,0.996578857338351,1,0.991447143345877,0.997605200136846,0.991447143345877,1,0.946972288744441,0.996578857338351,0.996578857338351,0.996578857338351,0.996578857338351
"1437O",2013-01-01,2017-10-02,1536,0.474512487170715,0.474512487170715,0.474512487170715,0.474512487170715,0.474512487170715,0.435511460827917,0.45603831679781,0.436195689360246,0.474512487170715,0.435511460827917,0.474512487170715,0.341087923366404,0.344166951761888,0.341087923366404,0.474512487170715,NA,0.0896339377352036,0.0896339377352036,0.0896339377352036,0.0896339377352036
"1473A",2013-01-09,2020-12-31,132,0.954840916866233,0.954840916866233,0.954840916866233,0.954840916866233,0.954840916866233,0.941840574751967,0.929866575436196,0.941840574751967,0.954840916866233,0.941840574751967,0.954840916866233,0.939445774888813,0.94970920287376,0.939445774888813,0.954840916866233,NA,NA,NA,NA,NA
"1475X",2013-01-01,2020-12-31,60,0.979473144030106,0.979473144030106,0.979473144030106,0.979473144030106,0.979473144030106,0.964762230585015,0.956551488197058,0.964762230585015,0.979473144030106,0.964762230585015,0.979473144030106,0.964762230585015,0.977078344166952,0.964762230585015,0.979473144030106,NA,NA,NA,NA,NA
"1484C",2013-01-01,2020-12-31,0,1,1,1,1,1,1,1,1,1,1,1,0.980157372562436,0.980499486828601,0.980157372562436,1,0.997947314403011,0.991789257612042,0.991789257612042,0.991789257612042,0.991789257612042
"1495",2013-01-01,2020-12-31,0,1,1,1,1,1,0.993841943209032,1,0.993841943209032,1,0.994526171741362,1,0.979473144030106,0.995210400273691,0.979473144030106,1,0.625384878549435,0.993157714676702,0.992815600410537,0.993157714676702,0.993157714676702
"1542",2013-01-01,2020-12-31,304,0.895997263085871,0.895997263085871,0.895997263085871,0.895997263085871,0.895997263085871,0.828600752651386,0.895997263085871,0.828600752651386,0.895997263085871,0.828600752651386,0.895997263085871,0.76394115634622,0.802942182689018,0.76394115634622,0.895997263085871,0.878891549777626,0.861101607937051,0.861101607937051,0.861101607937051,0.861101607937051
"1549",2013-01-01,2020-12-31,0,1,1,1,1,1,1,1,1,1,1,1,0.993157714676702,0.993157714676702,0.993157714676702,1,1,1,1,1,1
"1631E",2013-01-01,2020-12-31,26,0.991105029079713,0.991105029079713,0.991105029079713,0.991105029079713,0.991105029079713,0.987683886418064,0.96510434485118,0.987683886418064,0.991105029079713,0.987683886418064,0.991105029079713,0.980499486828601,0.98255217242559,0.980499486828601,0.991105029079713,0.982894286691755,0.987683886418064,0.987683886418064,0.987683886418064,0.987683886418064
"1690A",2013-01-01,2020-12-31,0,1,1,1,1,1,1,1,1,1,1,1,0.996578857338351,0.996578857338351,0.996578857338351,1,0.994526171741362,0.993499828942867,0.993499828942867,0.993499828942867,0.993499828942867
"1700X",2013-01-01,2020-12-31,57,0.980499486828601,0.980499486828601,0.980499486828601,0.980499486828601,0.980499486828601,0.96715703044817,0.971262401642148,0.96715703044817,0.980499486828601,0.96715703044817,0.980499486828601,0.942866917550462,0.976394115634622,0.942866917550462,0.980499486828601,NA,NA,NA,NA,NA
"1735X",2013-01-09,2020-12-31,275,0.905918576804653,0.905918576804653,0.905918576804653,0.905918576804653,0.905918576804653,0.879233664043791,0.875470407115977,0.879233664043791,0.905918576804653,0.879233664043791,0.905918576804653,0.879233664043791,0.897023605884365,0.879233664043791,0.905918576804653,NA,NA,NA,NA,NA
"2117D",2013-01-01,2020-12-31,0,1,1,1,1,1,0.997605200136846,0.995894628806021,0.99863154293534,1,0.997605200136846,1,0.995894628806021,0.995894628806021,0.995894628806021,1,0.989394457748888,0.996578857338351,0.996578857338351,0.996578857338351,0.996578857338351
"2298",2013-01-01,2020-12-31,88,0.969893944577489,0.969893944577489,0.969893944577489,0.969893944577489,0.969893944577489,0.961683202189531,0.843653780362641,0.962025316455696,0.969893944577489,0.96510434485118,0.969893944577489,0.89941840574752,0.926787547040712,0.899760520013685,0.969893944577489,0.955183031132398,0.958604173794047,0.958604173794047,0.958604173794047,0.958604173794047
"2331",2013-01-01,2020-12-31,0,1,1,1,1,1,1,1,1,1,1,1,0.99931577146767,1,0.99931577146767,1,1,1,1,1,0.999657885733835
"2374X",2013-01-01,2020-12-31,17,0.994184057475197,0.994184057475197,0.994184057475197,0.994184057475197,0.994184057475197,0.989052343482723,0.971262401642148,0.989052343482723,0.994184057475197,0.989052343482723,0.994184057475197,0.990762914813548,0.992815600410537,0.990762914813548,0.994184057475197,0.984262743756415,0.993157714676702,0.993157714676702,0.993157714676702,0.993157714676702
"2400E",2013-01-01,2020-12-31,47,0.98392062949025,0.98392062949025,0.98392062949025,0.98392062949025,0.98392062949025,0.973315087239138,0.88060212110845,0.973999315771468,0.98392062949025,0.973657201505303,0.98392062949025,0.961341087923366,0.96647280191584,0.961341087923366,0.98392062949025,NA,NA,NA,NA,NA
"2422",2013-01-01,2020-12-31,0,1,1,1,1,1,1,1,1,1,1,1,0.99863154293534,0.998289428669175,0.99863154293534,1,0.998973657201505,0.998973657201505,0.998973657201505,0.998973657201505,0.998973657201505
"2444",2013-01-01,2020-12-31,0,1,1,1,1,1,1,1,1,1,1,1,0.99931577146767,0.999657885733835,0.99931577146767,1,0.99931577146767,1,1,1,1
"2462",2013-01-01,2020-12-31,0,1,1,1,1,1,1,1,1,1,1,1,0.996578857338351,1,0.996578857338351,1,1,1,1,1,1
"2465",2013-01-01,2020-12-31,0,1,1,1,1,1,1,1,1,1,1,1,0.99931577146767,0.99931577146767,0.99931577146767,1,1,0.99931577146767,0.99931577146767,0.99931577146767,0.99931577146767
"2491C",2013-01-01,2020-05-26,339,0.884023263770099,0.884023263770099,0.884023263770099,0.884023263770099,0.884023263770099,0.88128634964078,0.877865206979131,0.88128634964078,0.884023263770099,0.88128634964078,0.884023263770099,0.719124187478618,0.733835100923709,0.719124187478618,0.884023263770099,0.687307560725282,0.88197057817311,0.88197057817311,0.88197057817311,0.88197057817311
"2503X",2013-01-01,2017-12-10,1131,0.613068764967499,0.613068764967499,0.613068764967499,0.613068764967499,0.613068764967499,0.609305508039685,0.601436879917893,0.609305508039685,0.613068764967499,0.61033185083818,0.613068764967499,0.588436537803626,0.59219979473144,0.588436537803626,0.613068764967499,NA,0.560383167978105,0.560383167978105,0.560383167978105,0.560383167978105
"2539",2013-01-01,2020-12-31,0,1,1,1,1,1,0.997947314403011,1,0.997947314403011,1,0.99931577146767,1,0.997605200136846,0.999657885733835,0.997605200136846,1,0.96715703044817,0.996236743072186,0.996236743072186,0.996236743072186,0.994526171741362
"2614",2013-01-01,2020-12-31,0,1,1,1,1,1,0.99931577146767,1,0.99931577146767,1,0.99931577146767,1,0.997605200136846,0.99931577146767,0.997605200136846,1,0.985973315087239,0.998289428669175,0.998289428669175,0.998289428669175,0.998289428669175
"2630X",2013-01-01,2020-12-31,514,0.824153267191242,0.824153267191242,0.824153267191242,0.824153267191242,0.824153267191242,0.820390010263428,0.739993157714677,0.821074238795758,0.824153267191242,0.820732124529593,0.824153267191242,0.698255217242559,0.715703044816969,0.698255217242559,0.824153267191242,0.631200821074239,0.811837153609306,0.811837153609306,0.811837153609306,0.811837153609306
"2661",2013-01-01,2020-12-31,0,1,1,1,1,1,1,1,1,1,1,1,0.583304823811153,0.582278481012658,0.583304823811153,1,0.583304823811153,0.583304823811153,0.583304823811153,0.582962709544988,0.582962709544988
"2661B",2014-04-01,2017-07-31,1704,0.417037290455012,0.417037290455012,0.417037290455012,0.417037290455012,0.417037290455012,0.417037290455012,0.417037290455012,0.417037290455012,0.417037290455012,0.417037290455012,0.417037290455012,0.416010947656517,0.416695176188847,0.416010947656517,0.417037290455012,0.414642490591858,0.417037290455012,0.417037290455012,0.417037290455012,0.417037290455012
"2737E",2013-01-01,2020-12-31,269,0.907971262401642,0.907971262401642,0.907971262401642,0.907971262401642,0.907971262401642,0.894970920287376,0.853917208347588,0.894970920287376,0.907971262401642,0.895655148819706,0.907971262401642,0.889154977762573,0.895313034553541,0.889154977762573,0.907971262401642,NA,0.901471091344509,0.901471091344509,0.901471091344509,0.901471091344509
"2755X",2013-01-01,2020-12-31,0,1,1,1,1,1,1,1,1,1,1,1,0.998973657201505,0.998289428669175,0.998973657201505,1,0.994184057475197,1,1,1,1
"2811A",2013-01-01,2020-02-16,495,0.830653438248375,0.830653438248375,0.830653438248375,0.830653438248375,0.830653438248375,0.670201847417037,0.594936708860759,0.670543961683202,0.830653438248375,0.670201847417037,0.830653438248375,0.805336982552172,0.810468696544646,0.805336982552172,0.830653438248375,NA,0.0691070817653096,0.0691070817653096,0.0691070817653096,0.0691070817653096
"2867",2013-01-01,2020-12-31,0,1,1,1,1,1,0.998289428669175,1,0.998289428669175,1,0.99863154293534,1,0.990420800547383,0.996920971604516,0.990420800547383,1,0.997263085870681,0.995552514539856,0.995552514539856,0.995552514539856,0.995552514539856
"2870",2013-01-01,2020-12-31,8,0.997263085870681,0.997263085870681,0.997263085870681,0.997263085870681,0.997263085870681,0.968867601778994,0.967499144714335,0.968867601778994,0.997263085870681,0.969209716045159,0.997263085870681,0.993499828942867,0.996236743072186,0.993499828942867,0.997263085870681,NA,0.9483407458091,0.9483407458091,0.9483407458091,0.9483407458091
"2916A",2013-01-01,2020-12-31,6,0.997947314403011,0.997947314403011,0.997947314403011,0.997947314403011,0.997947314403011,0.995552514539856,0.997947314403011,0.995894628806021,0.997947314403011,0.996236743072186,0.997947314403011,0.919603147451249,0.924392747177557,0.919603147451249,0.997947314403011,0.979815258296271,0.990420800547383,0.990420800547383,0.990420800547383,0.990420800547383
"2946X",2013-01-01,2020-12-31,1,0.999657885733835,0.999657885733835,0.999657885733835,0.999657885733835,0.999657885733835,0.999657885733835,0.957577830995552,0.999657885733835,0.999657885733835,0.999657885733835,0.999657885733835,0.997947314403011,0.997947314403011,0.997947314403011,0.999657885733835,0.992473486144372,0.997947314403011,0.997947314403011,0.997947314403011,0.997947314403011
"3100B",2013-01-01,2020-12-31,62,0.978788915497776,0.978788915497776,0.978788915497776,0.978788915497776,0.978788915497776,0.96442011631885,0.960314745124872,0.96442011631885,0.978788915497776,0.96442011631885,0.978788915497776,0.7612042422169,0.767362299007869,0.7612042422169,0.978788915497776,NA,NA,NA,NA,NA
"3129",2013-01-01,2020-12-31,0,1,1,1,1,1,0.999657885733835,0.999657885733835,0.999657885733835,1,0.999657885733835,1,0.998973657201505,1,0.998973657201505,1,0.993841943209032,1,1,1,1
"3168D",2013-01-01,2020-12-31,0,1,1,1,1,1,0.999657885733835,1,0.999657885733835,1,0.999657885733835,1,0.999657885733835,0.999657885733835,0.999657885733835,1,0.993499828942867,0.99931577146767,0.99931577146767,0.99931577146767,0.99931577146767
"3175",2013-01-01,2020-12-31,0,1,1,1,1,1,1,1,1,1,1,1,0.99931577146767,0.999657885733835,0.99931577146767,1,0.99931577146767,0.999657885733835,0.999657885733835,0.999657885733835,0.999657885733835
"3191E",2013-01-01,2020-12-31,0,1,1,1,1,1,0.999657885733835,1,0.999657885733835,1,0.999657885733835,1,0.987683886418064,0.99931577146767,0.987683886418064,1,0.997605200136846,0.99931577146767,0.998973657201505,0.99931577146767,0.99931577146767
"3194U",2013-01-01,2020-12-31,106,0.963735887786521,0.963735887786521,0.963735887786521,0.963735887786521,0.963735887786521,0.892576120424222,0.935682517960999,0.892576120424222,0.963735887786521,0.892576120424222,0.963735887786521,0.483065343824838,0.495039343140609,0.483065343824838,0.963735887786521,NA,NA,NA,NA,NA
"3195",2013-01-01,2020-12-31,0,1,1,1,1,1,0.99931577146767,1,0.99931577146767,1,0.99931577146767,1,0.941840574751967,0.9483407458091,0.941840574751967,1,NA,0.98460485802258,0.98460485802258,0.98460485802258,0.984262743756415
"3196",2013-01-01,2020-12-31,0,1,1,1,1,1,0.99931577146767,1,0.99931577146767,1,0.99931577146767,1,0.999657885733835,1,0.999657885733835,1,1,0.999657885733835,0.999657885733835,0.999657885733835,0.99931577146767
"3200",2013-01-01,2020-12-31,0,1,1,1,1,1,1,1,1,1,1,1,1,1,1,1,1,1,1,1,0.999657885733835
"3266A",2013-01-05,2020-12-31,409,0.860075265138556,0.860075265138556,0.860075265138556,0.860075265138556,0.860075265138556,0.790283954840917,0.722545330140267,0.790283954840917,0.860075265138556,0.790283954840917,0.860075265138556,0.689360246322272,0.705097502565857,0.689360246322272,0.860075265138556,NA,0.799521040027369,0.799521040027369,0.799521040027369,0.799521040027369
"3338",2013-01-01,2020-12-31,385,0.868286007526514,0.868286007526514,0.868286007526514,0.868286007526514,0.868286007526514,0.679781046869654,0.698597331508724,0.679781046869654,0.868286007526514,0.679781046869654,0.868286007526514,0.517276770441327,0.52446117003079,0.517276770441327,0.868286007526514,NA,0.751282928498118,0.751282928498118,0.751282928498118,0.751282928498118
"4549Y",2013-01-01,2020-12-31,16,0.994526171741362,0.994526171741362,0.994526171741362,0.994526171741362,0.994526171741362,0.96578857338351,0.98186794389326,0.96578857338351,0.994526171741362,0.96578857338351,0.994526171741362,0.978104686965447,0.982894286691755,0.978104686965447,0.994526171741362,NA,0.965446459117345,0.965446459117345,0.965446459117345,0.965446459117345
"4560Y",2013-01-01,2020-12-31,46,0.984262743756415,0.984262743756415,0.984262743756415,0.984262743756415,0.984262743756415,0.977762572699282,0.945261717413616,0.977762572699282,0.984262743756415,0.977762572699282,0.984262743756415,0.941156346219637,0.962709544988026,0.941156346219637,0.984262743756415,NA,0.977762572699282,0.977762572699282,0.977762572699282,0.977762572699282
"4642E",2013-01-01,2020-12-31,9,0.996920971604516,0.996920971604516,0.996920971604516,0.996920971604516,0.996920971604516,0.993841943209032,0.996920971604516,0.993841943209032,0.996920971604516,0.993841943209032,0.996920971604516,0.993841943209032,0.994184057475197,0.993841943209032,0.996920971604516,0.945603831679781,0.986657543619569,0.986657543619569,0.986657543619569,0.986657543619569
"5047E",2013-01-01,2020-12-31,208,0.928840232637701,0.928840232637701,0.928840232637701,0.928840232637701,0.928840232637701,0.919945261717414,0.879233664043791,0.919945261717414,0.928840232637701,0.919945261717414,0.928840232637701,0.748546014368799,0.752651385562778,0.748546014368799,0.928840232637701,0.895997263085871,0.918918918918919,0.918918918918919,0.918918918918919,0.918918918918919
"5270B",2013-01-01,2020-12-31,0,1,1,1,1,1,0.997947314403011,1,0.997947314403011,1,0.997947314403011,1,0.98186794389326,0.987683886418064,0.98186794389326,1,0.978788915497776,0.992815600410537,0.992815600410537,0.992815600410537,0.992815600410537
"5427X",2013-01-01,2020-12-31,79,0.972972972972973,0.972972972972973,0.972972972972973,0.972972972972973,0.972972972972973,0.945603831679781,0.951419774204584,0.945603831679781,0.972972972972973,0.945603831679781,0.972972972972973,0.915839890523435,0.927129661306876,0.915839890523435,0.972972972972973,NA,NA,NA,NA,NA
"5514",2013-01-01,2020-12-31,0,1,1,1,1,1,0.999657885733835,1,1,1,0.999657885733835,1,0.312350325008553,0.500855285665412,0.312350325008553,1,1,0.999657885733835,0.999657885733835,0.999657885733835,0.998973657201505
"5530E",2013-01-01,2020-12-31,0,1,1,1,1,1,1,0.99931577146767,1,1,1,1,0.99931577146767,0.998973657201505,0.99931577146767,1,1,0.99931577146767,0.99931577146767,0.99931577146767,0.99931577146767
"5582A",2013-01-01,2020-12-31,320,0.890523434827232,0.890523434827232,0.890523434827232,0.890523434827232,0.890523434827232,0.830653438248375,0.860759493670886,0.830653438248375,0.890523434827232,0.830653438248375,0.890523434827232,0.838522066370168,0.843311666096476,0.838522066370168,0.890523434827232,NA,0.731098186794389,0.731098186794389,0.731098186794389,0.731098186794389
"5612B",2013-01-01,2020-12-31,82,0.971946630174478,0.971946630174478,0.971946630174478,0.971946630174478,0.971946630174478,0.961341087923366,0.96442011631885,0.961341087923366,0.971946630174478,0.961341087923366,0.971946630174478,0.927813889839206,0.946288060212111,0.927813889839206,0.971946630174478,NA,0.969551830311324,0.969551830311324,0.969551830311324,0.969551830311324
"5641X",2013-01-01,2020-12-31,64,0.978104686965447,0.978104686965447,0.978104686965447,0.978104686965447,0.978104686965447,0.932603489565515,0.925076975709887,0.932603489565515,0.978104686965447,0.932603489565515,0.978104686965447,0.926787547040712,0.94765651727677,0.926787547040712,0.978104686965447,NA,0.942524803284297,0.942524803284297,0.942524803284297,0.942524803284297
"5704B",2013-01-01,2020-12-31,53,0.98186794389326,0.98186794389326,0.98186794389326,0.98186794389326,0.98186794389326,0.972630858706808,0.94765651727677,0.972630858706808,0.98186794389326,0.972630858706808,0.98186794389326,0.970920287375984,0.974341430037633,0.970920287375984,0.98186794389326,NA,0.973315087239138,0.973315087239138,0.973315087239138,0.973315087239138
"5783",2013-01-01,2020-12-31,0,1,1,1,1,1,0.990420800547383,1,0.990420800547383,1,0.990420800547383,1,0.981183715360931,0.988368114950393,0.981183715360931,1,0.980157372562436,0.989052343482723,0.989052343482723,0.989052343482723,0.989052343482723
"5796",2013-01-01,2020-12-31,0,1,1,1,1,1,0.99931577146767,1,0.99931577146767,1,0.99931577146767,1,0.993841943209032,0.998973657201505,0.993841943209032,1,0.996578857338351,0.99931577146767,0.998973657201505,0.99931577146767,0.997947314403011
"5860E",2013-01-01,2020-12-31,60,0.979473144030106,0.979473144030106,0.979473144030106,0.979473144030106,0.979473144030106,0.961683202189531,0.956893602463223,0.961683202189531,0.979473144030106,0.961683202189531,0.979473144030106,0.967841258980499,0.971604515908313,0.967841258980499,0.979473144030106,NA,0.181320561067397,0.181320561067397,0.181320561067397,0.181320561067397
"5910",2013-01-01,2020-12-31,0,1,1,1,1,1,1,1,1,1,1,1,0.999657885733835,1,0.999657885733835,1,0.999657885733835,1,1,1,0.99931577146767
"5911A",2013-01-01,2020-12-31,54,0.981525829627095,0.981525829627095,0.981525829627095,0.981525829627095,0.981525829627095,0.969893944577489,0.960998973657202,0.969893944577489,0.981525829627095,0.969893944577489,0.981525829627095,0.977420458433117,0.979131029763941,0.977420458433117,0.981525829627095,NA,0.972288744440643,0.972288744440643,0.972288744440643,0.972288744440643
"5960",2013-01-01,2020-12-31,0,1,1,1,1,1,0.993499828942867,1,0.993499828942867,1,0.993499828942867,1,0.986657543619569,0.992473486144372,0.986657543619569,1,0.997605200136846,0.990762914813548,0.990420800547383,0.990762914813548,0.990420800547383
"5972X",2013-01-01,2020-12-31,18,0.993841943209032,0.993841943209032,0.993841943209032,0.993841943209032,0.993841943209032,0.979131029763941,0.98186794389326,0.979131029763941,0.993841943209032,0.979131029763941,0.993841943209032,0.98392062949025,0.989394457748888,0.98392062949025,0.993841943209032,NA,0.981525829627095,0.981525829627095,0.981525829627095,0.981525829627095
"5973",2013-01-01,2020-12-31,0,1,1,1,1,1,0.997605200136846,1,0.997947314403011,1,0.997605200136846,1,0.98460485802258,0.985973315087239,0.98460485802258,1,0.216558330482381,0.997947314403011,0.997947314403011,0.997605200136846,0.997605200136846
"5995B",2013-01-01,2020-12-31,9,0.996920971604516,0.996920971604516,0.996920971604516,0.996920971604516,0.996920971604516,0.979473144030106,0.984262743756415,0.979473144030106,0.996920971604516,0.979473144030106,0.996920971604516,0.98186794389326,0.98323640095792,0.98186794389326,0.996920971604516,NA,0.18782073212453,0.18782073212453,0.18782073212453,0.18782073212453
"6001",2013-01-01,2020-12-31,90,0.969209716045159,0.969209716045159,0.969209716045159,0.969209716045159,0.969209716045159,0.946630174478276,0.940472117687308,0.946630174478276,0.969209716045159,0.946630174478276,0.969209716045159,0.915155661991105,0.924050632911392,0.915155661991105,0.969209716045159,NA,0.181320561067397,0.181320561067397,0.181320561067397,0.181320561067397
"6058I",2013-01-01,2020-12-31,115,0.960656859391037,0.960656859391037,0.960656859391037,0.960656859391037,0.960656859391037,0.9161820047896,0.917208347588094,0.9161820047896,0.960656859391037,0.9161820047896,0.960656859391037,0.768046527540198,0.776599384194321,0.768046527540198,0.960656859391037,0.904550119739993,0.815258296270954,0.815258296270954,0.815258296270954,0.815258296270954
"6084X",2013-01-01,2020-12-31,8,0.997263085870681,0.997263085870681,0.997263085870681,0.997263085870681,0.997263085870681,0.934656175162504,0.996236743072186,0.934656175162504,0.997263085870681,0.934656175162504,0.997263085870681,0.983578515224085,0.986657543619569,0.983578515224085,0.997263085870681,NA,0.973315087239138,0.973315087239138,0.973315087239138,0.973315087239138
"6106X",2013-01-01,2020-12-31,289,0.901128977078344,0.901128977078344,0.901128977078344,0.901128977078344,0.901128977078344,0.82962709544988,0.889154977762573,0.82962709544988,0.901128977078344,0.829969209716045,0.901128977078344,0.884707492302429,0.890523434827232,0.884707492302429,0.901128977078344,NA,0.861101607937051,0.861101607937051,0.861101607937051,0.861101607937051
"6155A",2013-01-01,2020-12-31,0,1,1,1,1,1,0.99931577146767,1,0.99931577146767,1,0.99931577146767,1,0.99863154293534,0.99863154293534,0.99863154293534,1,0.994526171741362,0.99931577146767,0.99931577146767,0.99931577146767,0.998973657201505
"6156X",2013-01-01,2020-12-31,1,0.999657885733835,0.999657885733835,0.999657885733835,0.999657885733835,0.999657885733835,0.988710229216558,0.997263085870681,0.988710229216558,0.999657885733835,0.988710229216558,0.999657885733835,0.992473486144372,0.991447143345877,0.992473486144372,0.999657885733835,NA,0.985973315087239,0.985973315087239,0.985973315087239,0.985973315087239
"6205X",2013-01-01,2020-12-31,470,0.839206294902497,0.839206294902497,0.839206294902497,0.839206294902497,0.839206294902497,0.807731782415327,0.793705097502566,0.807731782415327,0.839206294902497,0.807731782415327,0.839206294902497,0.638043106397537,0.663701676359904,0.638043106397537,0.839206294902497,NA,0.722887444406432,0.722887444406432,0.722887444406432,0.722887444406432
"6277B",2013-12-07,2020-12-31,546,0.813205610673965,0.813205610673965,0.813205610673965,0.813205610673965,0.813205610673965,0.787889154977763,0.691070817653096,0.788231269243928,0.813205610673965,0.787889154977763,0.813205610673965,0.780362641122135,0.784468012316114,0.780362641122135,0.813205610673965,NA,0.787204926445433,0.787204926445433,0.787204926445433,0.787204926445433
"6293X",2013-01-01,2020-12-31,334,0.885733835100924,0.885733835100924,0.885733835100924,0.885733835100924,0.885733835100924,0.872733492986658,0.852548751282929,0.872733492986658,0.885733835100924,0.872733492986658,0.885733835100924,0.708860759493671,0.715360930550804,0.708860759493671,0.885733835100924,0.838179952104003,0.872733492986658,0.872733492986658,0.872733492986658,0.872733492986658
"6302A",2013-01-01,2020-12-31,4,0.99863154293534,0.99863154293534,0.99863154293534,0.99863154293534,0.99863154293534,0.973999315771468,0.954840916866233,0.973999315771468,0.99863154293534,0.973999315771468,0.99863154293534,0.985289086554909,0.986315429353404,0.985289086554909,0.99863154293534,NA,0.762914813547725,0.762914813547725,0.762914813547725,0.762914813547725
"6325O",2013-01-01,2020-12-31,0,1,1,1,1,1,0.997947314403011,1,0.997947314403011,1,0.998289428669175,1,0.994526171741362,0.997263085870681,0.994526171741362,1,0.979815258296271,0.996578857338351,0.996578857338351,0.996578857338351,0.996578857338351
"6332X",2013-01-01,2017-09-16,2023,0.307902839548409,0.307902839548409,0.307902839548409,0.307902839548409,0.307902839548409,0.301060554225111,0.297981525829627,0.301060554225111,0.307902839548409,0.301060554225111,0.307902839548409,0.193978788915498,0.198084160109477,0.193978788915498,0.307902839548409,0.301744782757441,0.301402668491276,0.301402668491276,0.301402668491276,0.301402668491276
"6367B",2013-01-01,2020-12-31,0,1,1,1,1,1,0.982210058159425,0.99931577146767,0.982210058159425,1,0.982210058159425,1,0.986657543619569,0.989394457748888,0.986657543619569,1,NA,0.980841601094766,0.980841601094766,0.980841601094766,0.980841601094766
"7002Y",2013-01-01,2020-12-31,0,1,1,1,1,1,0.988710229216558,0.997947314403011,0.989052343482723,1,0.997605200136846,1,0.998289428669175,0.990420800547383,0.998289428669175,1,0.980499486828601,0.990420800547383,0.990420800547383,0.988026000684229,0.988026000684229
"7012C",2013-01-01,2020-12-31,0,1,1,1,1,1,0.982894286691755,0.988368114950393,0.983578515224085,1,0.988368114950393,1,0.988710229216558,0.980841601094766,0.988710229216558,1,NA,NA,NA,NA,NA
"7031",2013-01-01,2020-12-31,0,1,1,1,1,1,1,1,1,NA,1,NA,NA,NA,NA,NA,0.964762230585015,NA,NA,NA,NA
"7031X",2013-01-01,2020-12-31,0,1,1,1,1,1,0.986657543619569,1,0.987683886418064,1,0.991105029079713,1,0.998289428669175,0.996236743072186,0.998289428669175,1,0.988368114950393,0.996578857338351,0.996578857338351,0.996236743072186,0.996236743072186
"7145D",2013-01-01,2020-12-31,2,0.99931577146767,0.99931577146767,0.99931577146767,0.99931577146767,0.99931577146767,0.975025658569962,0.99931577146767,0.977762572699282,0.99931577146767,0.98255217242559,0.99931577146767,0.993157714676702,0.983578515224085,0.993157714676702,0.99931577146767,NA,NA,NA,NA,NA
"7178I",2013-01-01,2020-12-31,0,1,1,1,1,1,1,1,1,1,1,1,0.999657885733835,1,0.999657885733835,1,1,1,0.999657885733835,1,0.999657885733835
"7228",2013-01-01,2020-12-31,0,1,1,1,1,1,1,1,1,1,1,1,0.995894628806021,0.998289428669175,0.995894628806021,1,0.999657885733835,0.999657885733835,0.999657885733835,1,0.998973657201505
"7247X",2013-01-01,2020-12-31,71,0.975709887102292,0.975709887102292,0.975709887102292,0.975709887102292,0.975709887102292,0.957577830995552,0.961341087923366,0.957577830995552,0.975709887102292,0.957577830995552,0.975709887102292,0.934998289428669,0.94902497434143,0.934998289428669,0.975709887102292,NA,NA,NA,NA,NA
"7275C",2013-01-01,2020-12-31,9,0.996920971604516,0.996920971604516,0.996920971604516,0.996920971604516,0.996920971604516,0.986657543619569,0.996920971604516,0.986657543619569,0.996920971604516,0.991789257612042,0.996920971604516,0.992131371878207,0.985289086554909,0.992131371878207,0.996920971604516,0.963393773520356,0.989052343482723,0.989052343482723,0.989736572015053,0.989736572015053
"8019",2013-01-01,2020-12-31,0,1,1,1,1,1,0.993157714676702,1,0.993157714676702,1,0.993157714676702,1,0.988710229216558,0.994526171741362,0.988710229216558,1,0.79678412589805,0.991105029079713,0.990762914813548,0.991105029079713,0.990762914813548
"8025",2013-01-01,2020-12-31,0,1,1,1,1,1,0.998973657201505,1,0.998973657201505,1,0.998973657201505,1,0.991105029079713,0.991789257612042,0.991105029079713,1,0.997947314403011,0.998973657201505,0.998973657201505,0.998973657201505,0.998973657201505
"8050X",2013-01-06,2020-12-31,37,0.987341772151899,0.987341772151899,0.987341772151899,0.987341772151899,0.987341772151899,0.979473144030106,0.977078344166952,0.979473144030106,0.987341772151899,0.979473144030106,0.987341772151899,0.967499144714335,0.973999315771468,0.967499144714335,0.987341772151899,0.975709887102292,0.98186794389326,0.98186794389326,0.98186794389326,0.98186794389326
"8058X",2013-01-01,2020-12-31,108,0.963051659254191,0.963051659254191,0.963051659254191,0.963051659254191,0.963051659254191,0.908997605200137,0.952104002736914,0.908997605200137,0.963051659254191,0.908997605200137,0.963051659254191,0.843995894628806,0.850496065685939,0.843995894628806,0.963051659254191,NA,NA,NA,NA,NA
"8293X",2013-01-01,2020-12-31,17,0.994184057475197,0.994184057475197,0.994184057475197,0.994184057475197,0.994184057475197,0.966814916182005,0.910366062264796,0.966814916182005,0.994184057475197,0.966814916182005,0.994184057475197,0.982210058159425,0.985973315087239,0.982210058159425,0.994184057475197,0.985973315087239,0.992131371878207,0.992131371878207,0.992131371878207,0.992131371878207
"8309X",2013-01-01,2020-12-31,38,0.986999657885734,0.986999657885734,0.986999657885734,0.986999657885734,0.986999657885734,0.98255217242559,0.975709887102292,0.98255217242559,0.986999657885734,0.98255217242559,0.986999657885734,0.965446459117345,0.975709887102292,0.965446459117345,0.986999657885734,0.883681149503934,0.981525829627095,0.981525829627095,0.981525829627095,0.981525829627095
"8325X",2013-01-01,2020-12-31,58,0.980157372562436,0.980157372562436,0.980157372562436,0.980157372562436,0.980157372562436,0.926445432774547,0.919261033185084,0.926445432774547,0.980157372562436,0.926445432774547,0.980157372562436,0.968867601778994,0.973315087239138,0.968867601778994,0.980157372562436,NA,NA,NA,NA,NA
"8368U",2013-01-01,2020-12-31,0,1,1,1,1,1,1,1,1,1,1,1,0.990762914813548,0.997263085870681,0.990762914813548,1,0.984262743756415,1,1,1,1
"8414A",2013-01-01,2020-12-31,0,1,1,1,1,1,0.995552514539856,1,0.995552514539856,1,0.997605200136846,1,0.986999657885734,0.997263085870681,0.986999657885734,1,1,0.996920971604516,0.996920971604516,0.996578857338351,0.996578857338351
"8416",2013-01-01,2020-12-31,0,1,1,1,1,1,1,1,1,NA,1,NA,NA,NA,NA,NA,0.996920971604516,NA,NA,NA,NA
"8416Y",2013-01-01,2020-12-31,11,0.996236743072186,0.996236743072186,0.996236743072186,0.996236743072186,0.996236743072186,0.985973315087239,0.988026000684229,0.985973315087239,0.996236743072186,0.985973315087239,0.996236743072186,0.990420800547383,0.993157714676702,0.990420800547383,0.996236743072186,NA,NA,NA,NA,NA
"8489X",2013-02-21,2020-12-31,115,0.960656859391037,0.960656859391037,0.960656859391037,0.960656859391037,0.960656859391037,0.955183031132398,0.846732808758125,0.955183031132398,0.960656859391037,0.955183031132398,0.960656859391037,0.842285323297982,0.864864864864865,0.842285323297982,0.960656859391037,0.942182689018132,0.944919603147451,0.944919603147451,0.944919603147451,0.944919603147451
"8500A",2013-01-01,2020-12-31,0,1,1,1,1,1,1,1,1,1,1,1,0.98392062949025,0.990420800547383,0.98392062949025,1,0.991789257612042,0.987341772151899,0.987341772151899,0.986657543619569,0.986657543619569
"8523X",2013-01-01,2020-12-14,146,0.950051317139925,0.950051317139925,0.950051317139925,0.950051317139925,0.950051317139925,0.933287718097845,0.906602805336983,0.933287718097845,0.950051317139925,0.93362983236401,0.950051317139925,0.934314060896339,0.939445774888813,0.934314060896339,0.950051317139925,NA,NA,NA,NA,NA
"9001D",2013-01-01,2020-12-31,61,0.979131029763941,0.979131029763941,0.979131029763941,0.979131029763941,0.979131029763941,0.954156688333904,0.919945261717414,0.954156688333904,0.979131029763941,0.954156688333904,0.979131029763941,0.939103660622648,0.94765651727677,0.939103660622648,0.979131029763941,NA,0.953814574067739,0.953814574067739,0.953814574067739,0.953814574067739
"9019B",2013-01-01,2020-12-31,17,0.994184057475197,0.994184057475197,0.994184057475197,0.994184057475197,0.994184057475197,0.98392062949025,0.970920287375984,0.98392062949025,0.994184057475197,0.98392062949025,0.994184057475197,0.979131029763941,0.986657543619569,0.979131029763941,0.994184057475197,NA,NA,NA,NA,NA
"9051",2013-01-01,2020-12-31,154,0.947314403010606,0.947314403010606,0.947314403010606,0.947314403010606,0.947314403010606,0.943893260348957,0.938761546356483,0.943893260348957,0.947314403010606,0.943893260348957,0.947314403010606,0.943209031816627,0.943551146082792,0.943209031816627,0.947314403010606,0.93089291823469,0.943893260348957,0.943893260348957,0.943893260348957,0.943893260348957
"9091O",2013-01-01,2020-12-31,0,1,1,1,1,1,1,1,1,1,1,1,0.997605200136846,0.998973657201505,0.997605200136846,1,1,1,1,1,1
"9091R",2013-01-01,2020-12-31,0,1,1,1,1,1,0.995552514539856,1,0.995894628806021,1,0.995894628806021,1,0.994868286007527,0.996920971604516,0.994868286007527,1,0.998973657201505,0.995552514539856,0.995552514539856,0.995894628806021,0.995894628806021
"9111",2013-01-01,2020-12-31,401,0.862812179267875,0.862812179267875,0.862812179267875,0.862812179267875,0.862812179267875,0.781731098186794,0.825863838522066,0.782073212452959,0.862812179267875,0.782757440985289,0.862812179267875,0.7612042422169,0.767704413274033,0.7612042422169,0.862812179267875,NA,NA,NA,NA,NA
"9170",2013-01-01,2020-12-31,1,0.999657885733835,0.999657885733835,0.999657885733835,0.999657885733835,0.999657885733835,0.997605200136846,0.99931577146767,0.997605200136846,0.999657885733835,0.997605200136846,0.999657885733835,0.986657543619569,0.990420800547383,0.986657543619569,0.999657885733835,0.99863154293534,0.995210400273691,0.994868286007527,0.995210400273691,0.994868286007527
"9244X",2013-02-05,2020-12-31,164,0.943893260348957,0.943893260348957,0.943893260348957,0.943893260348957,0.943893260348957,0.919945261717414,0.937050975025659,0.919945261717414,0.943893260348957,0.919945261717414,0.943893260348957,0.924050632911392,0.927471775573041,0.924050632911392,0.943893260348957,NA,NA,NA,NA,NA
"9262",2013-01-01,2020-12-31,63,0.978446801231611,0.978446801231611,0.978446801231611,0.978446801231611,0.978446801231611,0.975709887102292,0.978446801231611,0.977078344166952,NA,0.977078344166952,NA,NA,NA,NA,NA,NA,NA,NA,NA,NA
"9263D",2013-01-01,2020-12-31,0,1,1,1,1,1,0.98392062949025,0.999657885733835,0.985289086554909,1,0.98460485802258,1,0.990762914813548,0.994184057475197,0.990762914813548,1,0.943551146082792,0.992815600410537,0.992473486144372,0.992815600410537,0.992473486144372
"9263X",2013-01-01,2020-12-31,123,0.957919945261717,0.957919945261717,0.957919945261717,0.957919945261717,0.957919945261717,0.849469722887444,0.929866575436196,0.849469722887444,0.957919945261717,0.849469722887444,0.957919945261717,0.918576804652754,0.944919603147451,0.918576804652754,0.957919945261717,NA,NA,NA,NA,NA
"9283X",2013-01-03,2017-02-12,1548,0.470407115976736,0.470407115976736,0.470407115976736,0.470407115976736,0.470407115976736,0.459459459459459,0.368457064659596,0.459459459459459,0.470407115976736,0.459459459459459,0.470407115976736,0.460827916524119,0.467328087581252,0.460827916524119,0.470407115976736,NA,NA,NA,NA,NA
"9294E",2013-01-01,2020-12-31,65,0.977762572699282,0.977762572699282,0.977762572699282,0.977762572699282,0.977762572699282,0.937050975025659,0.977762572699282,0.937050975025659,0.977762572699282,0.937050975025659,0.977762572699282,0.944919603147451,0.962367430721861,0.944919603147451,0.977762572699282,0.000342114266164899,0.974683544303797,0.974683544303797,0.974683544303797,0.974683544303797
"9381I",2013-01-01,2020-12-31,0,1,1,1,1,1,1,1,1,1,1,1,0.99863154293534,0.998973657201505,0.99863154293534,1,0.994526171741362,1,1,1,1
"9390",2013-01-01,2020-12-31,0,1,1,1,1,1,1,1,1,1,1,1,1,0.99863154293534,1,1,1,1,1,1,0.999657885733835
"9394X",2013-01-01,2020-12-31,60,0.979473144030106,0.979473144030106,0.979473144030106,0.979473144030106,0.979473144030106,0.972288744440643,0.961683202189531,0.972288744440643,0.979473144030106,0.972288744440643,0.979473144030106,0.966130687649675,0.970578173109819,0.966130687649675,0.979473144030106,0.323640095791995,0.8645227505987,0.8645227505987,0.8645227505987,0.8645227505987
"9434",2013-01-01,2020-12-31,0,1,1,1,1,1,1,1,1,1,1,1,0.99931577146767,0.999657885733835,0.99931577146767,1,0.995552514539856,0.999657885733835,0.999657885733835,0.999657885733835,0.999657885733835
"9434P",2013-01-01,2020-12-31,35,0.988026000684229,0.988026000684229,0.988026000684229,0.988026000684229,0.988026000684229,0.98460485802258,0.983578515224085,0.98460485802258,0.988026000684229,0.98460485802258,0.988026000684229,0.979815258296271,0.982210058159425,0.979815258296271,0.988026000684229,0.975367772836127,0.98392062949025,0.98392062949025,0.98392062949025,0.98392062949025
"9563X",2013-01-01,2020-12-31,57,0.980499486828601,0.980499486828601,0.980499486828601,0.980499486828601,0.980499486828601,0.96442011631885,0.94765651727677,0.96442011631885,0.980499486828601,0.96442011631885,0.980499486828601,0.091344509066028,0.0937393089291823,0.091344509066028,0.980499486828601,NA,NA,NA,NA,NA
"9569A",2013-01-09,2020-12-31,47,0.98392062949025,0.98392062949025,0.98392062949025,0.98392062949025,0.98392062949025,0.980841601094766,0.979815258296271,0.980841601094766,0.98392062949025,0.980841601094766,0.98392062949025,0.903865891207663,0.908655490933972,0.903865891207663,0.98392062949025,0.338351009237085,0.974683544303797,0.974683544303797,0.974683544303797,0.974683544303797
"9573X",2013-02-27,2020-12-31,102,0.96510434485118,0.96510434485118,0.96510434485118,0.96510434485118,0.96510434485118,0.952446117003079,0.934656175162504,0.952446117003079,0.96510434485118,0.952446117003079,0.96510434485118,0.89941840574752,0.900786862812179,0.89941840574752,0.96510434485118,NA,NA,NA,NA,NA
"9576C",2013-01-01,2018-06-06,1180,0.596305165925419,0.596305165925419,0.596305165925419,0.596305165925419,0.596305165925419,0.547040711597674,0.575778309955525,0.547040711597674,0.596305165925419,0.547040711597674,0.596305165925419,0.586383852206637,0.594936708860759,0.586383852206637,0.596305165925419,NA,0.585699623674307,0.585699623674307,0.585699623674307,0.585699623674307
"9585",2013-01-01,2020-12-31,59,0.979815258296271,0.979815258296271,0.979815258296271,0.979815258296271,0.979815258296271,0.972972972972973,0.979815258296271,0.972972972972973,0.979815258296271,0.972972972972973,0.979815258296271,0.938419432090318,0.944919603147451,0.938419432090318,0.979815258296271,0.966130687649675,0.969209716045159,0.969209716045159,0.969209716045159,0.969209716045159
"9698U",2013-01-01,2020-12-31,44,0.984946972288744,0.984946972288744,0.984946972288744,0.984946972288744,0.984946972288744,0.972288744440643,0.984946972288744,0.972288744440643,0.984946972288744,0.972288744440643,0.984946972288744,0.918576804652754,0.919945261717414,0.918576804652754,0.984946972288744,0.977078344166952,0.981525829627095,0.981525829627095,0.981525829627095,0.981525829627095
"9720X",2013-01-01,2019-11-13,942,0.677728361272665,0.677728361272665,0.677728361272665,0.677728361272665,0.677728361272665,0.475196715703045,0.653096134108792,0.475196715703045,0.677728361272665,0.475196715703045,0.677728361272665,0.665412247690729,0.673965104344851,0.665412247690729,0.677728361272665,NA,NA,NA,NA,NA
"9771C",2013-01-01,2020-12-31,0,1,1,1,1,1,1,1,1,1,1,1,0.999657885733835,1,0.999657885733835,1,0.99931577146767,0.99931577146767,0.99931577146767,0.99931577146767,0.99931577146767
"9898",2013-01-01,2020-12-31,0,1,1,1,1,1,1,1,1,1,1,1,0.915155661991105,0.993499828942867,0.915155661991105,1,0.987683886418064,0.992815600410537,0.992473486144372,0.992815600410537,0.992131371878207
"9981A",2013-01-01,2020-12-31,0,1,1,1,1,1,1,1,1,1,1,1,0.996578857338351,0.997263085870681,0.996578857338351,1,1,1,1,1,1
"B013X",2013-01-01,2020-12-31,48,0.983578515224085,0.983578515224085,0.983578515224085,0.983578515224085,0.983578515224085,0.96442011631885,0.966814916182005,0.96442011631885,0.983578515224085,0.96442011631885,0.983578515224085,0.929866575436196,0.950051317139925,0.929866575436196,0.983578515224085,NA,NA,NA,NA,NA
"B228",2013-01-01,2020-12-31,0,1,1,1,1,1,0.99863154293534,1,0.99863154293534,1,0.99931577146767,1,0.997605200136846,0.998289428669175,0.997605200136846,1,0.978104686965447,0.954156688333904,0.953472459801574,0.954156688333904,0.953814574067739
"B248",2013-01-01,2020-12-31,83,0.971604515908313,0.971604515908313,0.971604515908313,0.971604515908313,0.971604515908313,0.913787204926445,0.832021895313034,0.913787204926445,0.971604515908313,0.913787204926445,0.971604515908313,0.960656859391037,0.968183373246664,0.960656859391037,0.971604515908313,NA,NA,NA,NA,NA
"B278",2013-01-01,2020-12-31,0,1,1,1,1,1,1,1,1,1,1,1,0.999657885733835,0.998289428669175,0.999657885733835,1,0.99863154293534,1,1,1,1
"B346X",2013-01-01,2020-12-31,62,0.978788915497776,0.978788915497776,0.978788915497776,0.978788915497776,0.978788915497776,0.943209031816627,0.955525145398563,0.943209031816627,0.978788915497776,0.943209031816627,0.978788915497776,0.940472117687308,0.957577830995552,0.940472117687308,0.978788915497776,NA,NA,NA,NA,NA
"B434X",2013-01-01,2020-11-27,146,0.950051317139925,0.950051317139925,0.950051317139925,0.950051317139925,0.950051317139925,0.937735203557988,0.934998289428669,0.937735203557988,0.950051317139925,0.937735203557988,0.950051317139925,0.904208005473828,0.905918576804653,0.904208005473828,0.950051317139925,0.93089291823469,0.939787889154978,0.939787889154978,0.939787889154978,0.939787889154978
"B569X",2013-01-01,2020-12-31,260,0.911050290797126,0.911050290797126,0.911050290797126,0.911050290797126,0.911050290797126,0.856654122476907,0.858022579541567,0.856654122476907,0.911050290797126,0.856654122476907,0.911050290797126,0.834758809442354,0.869312350325009,0.834758809442354,0.911050290797126,NA,0.0222374273007184,0.0222374273007184,0.0222374273007184,0.0222374273007184
"B691Y",2013-01-01,2020-12-31,49,0.98323640095792,0.98323640095792,0.98323640095792,0.98323640095792,0.98323640095792,0.968867601778994,0.966814916182005,0.968867601778994,0.98323640095792,0.968867601778994,0.98323640095792,0.970236058843654,0.971946630174478,0.970236058843654,0.98323640095792,0.967499144714335,0.973657201505303,0.973657201505303,0.973657201505303,0.973657201505303
"B893",2013-01-01,2020-12-31,0,1,1,1,1,1,0.996236743072186,1,0.996578857338351,1,0.996578857338351,1,0.995552514539856,0.998289428669175,0.995552514539856,1,0.998289428669175,0.997947314403011,0.997947314403011,0.997947314403011,0.997947314403011
"B954",2013-01-01,2020-12-31,0,1,1,1,1,1,0.99863154293534,1,0.99863154293534,1,0.99863154293534,1,0.998289428669175,0.998289428669175,0.998289428669175,1,0.986657543619569,0.996920971604516,0.996920971604516,0.996920971604516,0.996920971604516
"C229J",2014-12-03,2020-12-31,795,0.728019158398905,0.728019158398905,0.728019158398905,0.728019158398905,0.728019158398905,0.709544988026001,0.716729387615464,0.709544988026001,0.728019158398905,0.709544988026001,0.728019158398905,0.721518987341772,0.726650701334246,0.721518987341772,0.728019158398905,NA,0.706465959630517,0.706465959630517,0.706465959630517,0.706465959630517
"C439J",2014-01-01,2020-12-31,365,0.875128292849812,0.875128292849812,0.875128292849812,0.875128292849812,0.875128292849812,0.865549093397195,0.868628121792679,0.865549093397195,0.875128292849812,0.865549093397195,0.875128292849812,0.724940130003421,0.76257269928156,0.724940130003421,0.875128292849812,NA,0.840574751967157,0.840574751967157,0.840574751967157,0.840574751967157
"C447A",2013-01-01,2020-12-31,0,1,1,1,1,1,0.995552514539856,1,0.995552514539856,1,0.996920971604516,1,0.986315429353404,0.993841943209032,0.986315429353404,1,0.996578857338351,0.993157714676702,0.993157714676702,0.993841943209032,0.993841943209032
"C449C",2013-01-01,2020-12-31,0,1,1,1,1,1,0.999657885733835,1,0.999657885733835,1,0.999657885733835,1,0.994184057475197,0.991789257612042,0.994184057475197,1,0.993499828942867,0.998973657201505,0.998973657201505,0.998973657201505,0.998973657201505
"C629X",2013-01-01,2020-12-31,29,0.990078686281218,0.990078686281218,0.990078686281218,0.990078686281218,0.990078686281218,0.962025316455696,0.804652754019843,0.962025316455696,0.990078686281218,0.962025316455696,0.990078686281218,0.975367772836127,0.989052343482723,0.975367772836127,0.990078686281218,NA,NA,NA,NA,NA
"C649I",2013-01-01,2020-12-31,0,1,1,1,1,1,0.968867601778994,1,0.968867601778994,1,0.969209716045159,1,0.988026000684229,0.994526171741362,0.988026000684229,1,0.726992815600411,0.983578515224085,0.983578515224085,0.983578515224085,0.983578515224085
"C659H",2013-01-04,2020-12-31,313,0.892918234690387,0.892918234690387,0.892918234690387,0.892918234690387,0.892918234690387,0.866233321929525,0.869996578857338,0.866233321929525,0.892918234690387,0.866233321929525,0.892918234690387,0.879575778309955,0.891549777625727,0.879575778309955,0.892918234690387,NA,NA,NA,NA,NA
"C659M",2013-09-21,2020-12-31,339,0.884023263770099,0.884023263770099,0.884023263770099,0.884023263770099,0.884023263770099,0.723913787204926,0.850838179952104,0.723913787204926,0.884023263770099,0.723913787204926,0.884023263770099,0.856312008210742,0.87991789257612,0.856312008210742,0.884023263770099,NA,0.854601436879918,0.854601436879918,0.854601436879918,0.854601436879918
"C689E",2013-01-01,2020-12-31,195,0.933287718097845,0.933287718097845,0.933287718097845,0.933287718097845,0.933287718097845,0.827574409852891,0.903523776941498,0.827574409852891,0.933287718097845,0.827574409852891,0.933287718097845,0.915155661991105,0.925419089976052,0.915155661991105,0.933287718097845,NA,NA,NA,NA,NA
