latitud,provincia,altitud,indicativo,nombre,indsinop,longitud,dist,siteAQ
43.29805555555556,BIZKAIA,42,1082,BILBAO AEROPUERTO,08025,-2.906388888888889,5.396848803275049,es0041a
43.20333333333333,BIZKAIA,208,1078I,GÜEÑES,08035,-3.104722222222222,14.288691990254135,es0041a
43.375,BIZKAIA,90,1059X,PUNTA GALEA,08059,-3.0216666666666665,14.306764904202172,es0041a
43.45388888888889,BIZKAIA,93,1057B,MACHICHACO,,-2.7527777777777778,26.71324724903384,es0041a
43.39472222222222,CANTABRIA,45,1083L,CASTRO URDIALES,08020,-3.233888888888889,27.783667745077793,es0041a
43.37694444444445,BIZKAIA,12,1055B,LEKEITIO,08024,-2.5102777777777776,37.590926187623005,es0041a
43.20944444444445,GIPUZKOA,119,1050J,ELGOIBAR,08036,-2.413333333333333,43.47232459373621,es0041a
42.88194444444444,ARABA/ALAVA,513,9091O,FORONDA-TXOKIZA,08080,-2.735,45.26635991362472,es0041a
42.871944444444445,ARABA/ALAVA,513,9091R,VITORIA GASTEIZ AEROPUERTO,08080,-2.7327777777777778,46.36525505426715,es0041a
43.29805555555556,BIZKAIA,42,1082,BILBAO AEROPUERTO,08025,-2.906388888888889,5.756578177287299,es0110a
43.375,BIZKAIA,90,1059X,PUNTA GALEA,08059,-3.0216666666666665,8.807759830484532,es0110a
43.20333333333333,BIZKAIA,208,1078I,GÜEÑES,08035,-3.104722222222222,15.120396214147616,es0110a
43.39472222222222,CANTABRIA,45,1083L,CASTRO URDIALES,08020,-3.233888888888889,23.139064434355582,es0110a
43.45388888888889,BIZKAIA,93,1057B,MACHICHACO,,-2.7527777777777778,24.734561197221772,es0110a
43.37694444444445,BIZKAIA,12,1055B,LEKEITIO,08024,-2.5102777777777776,38.656263146294215,es0110a
43.20944444444445,GIPUZKOA,119,1050J,ELGOIBAR,08036,-2.413333333333333,46.82881758217737,es0110a
42.88194444444444,ARABA/ALAVA,513,9091O,FORONDA-TXOKIZA,08080,-2.735,50.75050527115556,es0110a
42.871944444444445,ARABA/ALAVA,513,9091R,VITORIA GASTEIZ AEROPUERTO,08080,-2.7327777777777778,51.84676971943802,es0110a
40.411944444444444,MADRID,667,3195,"MADRID, RETIRO",08222,-3.6780555555555554,3.195803687668347,es0115a
40.45166666666667,MADRID,664,3194U,"MADRID, CIUDAD UNIVERSITARIA",08220,-3.7241666666666666,3.220618887831379,es0115a
40.37555555555556,MADRID,690,3196,"MADRID, CUATRO VIENTOS",08223,-3.786111111111111,8.268355597442163,es0115a
40.29944444444444,MADRID,620,3200,GETAFE,08224,-3.7222222222222223,13.89433484509748,es0115a
40.46666666666667,MADRID,609,3129,MADRID AEROPUERTO,08221,-3.5555555555555554,14.074553003708413,es0115a
40.48861111111111,MADRID,607,3175,TORREJÓN DE ARDOZ,08227,-3.443611111111111,23.82966308580738,es0115a
40.69611111111111,MADRID,1004,3191E,COLMENAR VIEJO,08219,-3.765,30.565765640163992,es0115a
40.06722222222223,MADRID,540,3100B,ARANJUEZ,08229,-3.546111111111111,42.1199468476743,es0115a
40.42777777777778,MADRID,763,3338,ROBLEDO DE CHAVELA,08212,-4.25,45.52271784548825,es0115a
40.70638888888889,MADRID,1532,3266A,PUERTO ALTO DEL LEÓN,08217,-4.141944444444444,47.98353359528418,es0115a
40.411944444444444,MADRID,667,3195,"MADRID, RETIRO",08222,-3.6780555555555554,1.1371542085736226,es0118a
40.45166666666667,MADRID,664,3194U,"MADRID, CIUDAD UNIVERSITARIA",08220,-3.7241666666666666,4.8713017576411275,es0118a
40.37555555555556,MADRID,690,3196,"MADRID, CUATRO VIENTOS",08223,-3.786111111111111,10.182524606727236,es0118a
40.46666666666667,MADRID,609,3129,MADRID AEROPUERTO,08221,-3.5555555555555554,11.829390344666475,es0118a
40.29944444444444,MADRID,620,3200,GETAFE,08224,-3.7222222222222223,14.006704190600315,es0118a
40.48861111111111,MADRID,607,3175,TORREJÓN DE ARDOZ,08227,-3.443611111111111,21.51743977124775,es0118a
40.69611111111111,MADRID,1004,3191E,COLMENAR VIEJO,08219,-3.765,31.307802455692897,es0118a
40.06722222222223,MADRID,540,3100B,ARANJUEZ,08229,-3.546111111111111,41.07060938605908,es0118a
40.42777777777778,MADRID,763,3338,ROBLEDO DE CHAVELA,08212,-4.25,48.066026752462164,es0118a
40.45166666666667,MADRID,664,3194U,"MADRID, CIUDAD UNIVERSITARIA",08220,-3.7241666666666666,3.9721655592493765,es0120a
40.411944444444444,MADRID,667,3195,"MADRID, RETIRO",08222,-3.6780555555555554,4.417471972634164,es0120a
40.46666666666667,MADRID,609,3129,MADRID AEROPUERTO,08221,-3.5555555555555554,10.427830400347403,es0120a
40.37555555555556,MADRID,690,3196,"MADRID, CUATRO VIENTOS",08223,-3.786111111111111,12.514419555300963,es0120a
40.29944444444444,MADRID,620,3200,GETAFE,08224,-3.7222222222222223,17.350269041743974,es0120a
40.48861111111111,MADRID,607,3175,TORREJÓN DE ARDOZ,08227,-3.443611111111111,20.18384715276491,es0120a
40.69611111111111,MADRID,1004,3191E,COLMENAR VIEJO,08219,-3.765,28.17390250672014,es0120a
40.06722222222223,MADRID,540,3100B,ARANJUEZ,08229,-3.546111111111111,44.17228314127515,es0120a
40.793055555555554,MADRID,1894,2462,PUERTO DE NAVACERRADA,08215,-4.010555555555555,47.249026891515086,es0120a
37.416666666666664,SEVILLA,34,5783,SEVILLA AEROPUERTO,08391,-5.879166666666667,7.968650980949292,es0817a
37.16444444444444,SEVILLA,87,5796,MORÓN DE LA FRONTERA,08397,-5.6113888888888885,39.329104438018256,es0817a
37.92638888888889,SEVILLA,550,5704B,CAZALLA DE LA SIERRA,08392,-5.769722222222222,62.55807652994428,es0817a
36.75055555555556,CADIZ,27,5960,JEREZ DE LA FRONTERA AEROPUERTO,08451,-6.055833333333333,70.97880633244563,es0817a
37.09805555555556,HUELVA,41,5860E,"MOGUER, EL ARENOSILLO",08384,-6.7380555555555555,75.90160898574129,es0817a
37.51611111111111,SEVILLA,130,5641X,ÉCIJA,08395,-5.085,78.58727158928897,es0817a
37.868611111111115,HUELVA,572,4560Y,ALAJAR,08380,-6.675000000000001,82.88456416563164,es0817a
37.27833333333333,HUELVA,19,4642E,"HUELVA, RONDA ESTE",08383,-6.911666666666667,84.9955018817386,es0817a
36.760555555555555,CADIZ,913,5911A,GRAZALEMA,08455,-5.3741666666666665,86.64558499196013,es0817a
37.416666666666664,SEVILLA,34,5783,SEVILLA AEROPUERTO,08391,-5.879166666666667,11.22039195960269,es0890a
37.16444444444444,SEVILLA,87,5796,MORÓN DE LA FRONTERA,08397,-5.6113888888888885,43.07697436718358,es0890a
37.92638888888889,SEVILLA,550,5704B,CAZALLA DE LA SIERRA,08392,-5.769722222222222,62.60751143682741,es0890a
36.75055555555556,CADIZ,27,5960,JEREZ DE LA FRONTERA AEROPUERTO,08451,-6.055833333333333,71.75824992685992,es0890a
37.09805555555556,HUELVA,41,5860E,"MOGUER, EL ARENOSILLO",08384,-6.7380555555555555,72.93036229704543,es0890a
37.868611111111115,HUELVA,572,4560Y,ALAJAR,08380,-6.675000000000001,79.24551446897368,es0890a
37.27833333333333,HUELVA,19,4642E,"HUELVA, RONDA ESTE",08383,-6.911666666666667,81.35813464854584,es0890a
37.51611111111111,SEVILLA,130,5641X,ÉCIJA,08395,-5.085,82.16007684049573,es0890a
36.638888888888886,CADIZ,21,5910,"ROTA, BASE NAVAL",08449,-6.3325,88.96645489830922,es0890a
41.41833333333333,BARCELONA,408,0200E,"BARCELONA, FABRA",,2.1241666666666665,18.14719376142286,es1018a
41.72,BARCELONA,291,0149X,MANRESA,08174,1.840277777777778,22.91218779076537,es1018a
41.39055555555556,BARCELONA,6,0201D,BARCELONA,08180,2.2,24.42104917222693,es1018a
41.29277777777778,BARCELONA,4,0076,BARCELONA AEROPUERTO,08181,2.0700000000000003,29.74332233027547,es1018a
41.587500000000006,BARCELONA,74,0252D,ARENYS DE MAR,08186,2.54,44.44280320591211,es1018a
41.65083333333333,BARCELONA,40,0255B,SANTA SUSANNA,08188,2.6969444444444446,58.2925434617821,es1018a
41.650555555555556,LLEIDA,388,9720X,TÀRREGA,08173,1.1494444444444445,72.10505531921399,es1018a
42.19138888888889,GIRONA,675,0324A,RIPOLL,08118,2.196111111111111,72.34651912698502,es1018a
41.91166666666666,GIRONA,143,0367,GIRONA AEROPUERTO,08184,2.763333333333333,74.14555003442138,es1018a
41.62083333333334,ZARAGOZA,254,9434P,"ZARAGOZA, VALDESPARTERA",08159,-0.935,3.742874324753475,es1047a
41.660555555555554,ZARAGOZA,249,9434,ZARAGOZA AEROPUERTO,08160,-1.0041666666666667,7.3863263292160335,es1047a
41.5225,ZARAGOZA,357,9576C,BUJARALOZ,08165,-0.17444444444444443,63.32585291461243,es1047a
42.08444444444444,HUESCA,546,9898,HUESCA AEROPUERTO,08094,-0.32555555555555554,68.62954927965366,es1047a
41.33111111111111,ZARAGOZA,582,9394X,CALATAYUD,08156,-1.6452777777777778,70.40454097734616,es1047a
41.114444444444445,ZARAGOZA,779,9390,DAROCA,08157,-1.41,72.54382324093321,es1047a
42.198611111111106,NAVARRA,295,9294E,"BARDENAS REALES, BASE AÉREA ",08087,-1.475277777777778,76.43618027806026,es1047a
40.92611111111111,TERUEL,890,9381I,CALAMOCHA,08233,-1.2933333333333332,86.58692993241519,es1047a
42.206944444444446,NAVARRA,268,9283X,CADREITA,08153,-1.7113888888888888,90.24590801220394,es1047a
41.058055555555555,TERUEL,334,9573X,ALCAÑIZ,08164,-0.14166666666666666,92.36343318355459,es1047a
42.32527777777778,OURENSE,143,1690A,OURENSE,08048,-7.859722222222222,3.4255633266067016,es1096a
42.421388888888885,OURENSE,400,1700X,"CARBALLIÑO, O",08047,-8.092500000000001,19.19547972475459,es1096a
42.07916666666667,OURENSE,616,1735X,XINZO DE LIMIA,08050,-7.733611111111111,32.6853027264053,es1096a
42.339444444444446,OURENSE,840,1631E,A POBRA DE TRIVES,08051,-7.2825,48.95476499190076,es1096a
42.43833333333333,PONTEVEDRA,108,1484C,PONTEVEDRA,08044,-8.615833333333333,61.335903966395655,es1096a
42.23861111111111,PONTEVEDRA,261,1495,VIGO AEROPUERTO,08045,-8.623888888888889,62.66092102926494,es1096a
42.88805555555555,A CORUÑA,370,1428,SANTIAGO DE COMPOSTELA AEROPUERTO,08042,-8.410555555555556,73.75084969359936,es1096a
42.73833333333334,A CORUÑA,100,1473A,PADRÓN,08039,-8.627222222222223,74.85987794864758,es1096a
42.23861111111111,PONTEVEDRA,261,1495,VIGO AEROPUERTO,08045,-8.623888888888889,9.974340249051012,es1137a
42.43833333333333,PONTEVEDRA,108,1484C,PONTEVEDRA,08044,-8.615833333333333,26.50569942099519,es1137a
42.720555555555556,A CORUÑA,685,1437O,MONTE IROITE,08043,-8.923333333333332,57.71744282980632,es1137a
42.421388888888885,OURENSE,400,1700X,"CARBALLIÑO, O",08047,-8.092500000000001,57.955626774936896,es1137a
42.73833333333334,A CORUÑA,100,1473A,PADRÓN,08039,-8.627222222222223,58.51065808305498,es1137a
42.32527777777778,OURENSE,143,1690A,OURENSE,08048,-7.859722222222222,73.55683724402871,es1137a
42.876111111111115,A CORUÑA,240,1475X,SANTIAGO DE COMPOSTELA,08041,-8.555833333333334,74.64362029561869,es1137a
42.88805555555555,A CORUÑA,370,1428,SANTIAGO DE COMPOSTELA AEROPUERTO,08042,-8.410555555555556,79.19714315628809,es1137a
42.356944444444444,BURGOS,891,2331,BURGOS AEROPUERTO,08075,-3.620277777777778,4.593292629859874,es1160a
42.42111111111111,BURGOS,820,9111,BELORADO,08077,-3.1702777777777778,42.22860512728224,es1160a
42.80638888888888,CANTABRIA,720,9019B,"VALDERREDIBLE, POLIENTES   ",08033,-3.933888888888889,54.8943804611034,es1160a
41.959722222222226,BURGOS,1080,2298,PALACIOS DE LA SIERRA,08149,-3.131666666666667,62.461053278355244,es1160a
42.919999999999995,BURGOS,580,9051,MEDINA DE POMAR,08063,-3.4827777777777778,65.22399409431766,es1160a
41.66583333333333,BURGOS,790,2117D,ARANDA DE DUERO,08144,-3.742777777777778,76.37035084207874,es1160a
42.350833333333334,PALENCIA,830,2374X,CARRIÓN DE LOS CONDES,08068,-4.617222222222223,77.38239319762293,es1160a
42.99194444444444,CANTABRIA,870,9001D,REINOSA,08032,-4.160555555555556,81.5736109581951,es1160a
41.995555555555555,PALENCIA,874,2400E,AUTILLA DEL PINO,08072,-4.602777777777778,86.01805304697336,es1160a
42.599444444444444,LEON,912,2661B,LEÓN AEROPUERTO,08055,-5.6436111111111105,4.641705394009444,es1161a
42.58833333333334,LEON,912,2661,"LEÓN, VIRGEN DEL CAMINO",08055,-5.651111111111112,5.508273739854662,es1161a
42.978611111111114,ASTURIAS,1480,1221D,PAJARES-VALGRANDE,08031,-5.776388888888889,44.43439120179416,es1161a
43.06222222222222,LEON,1510,2630X,PUERTO DE SAN ISIDRO,08057,-5.376944444444444,53.77146309834059,es1161a
42.3775,LEON,1020,2737E,LAGUNAS DE SOMOZA,08123,-6.196666666666667,55.95296175620283,es1161a
42.01083333333333,ZAMORA,715,2755X,BENAVENTE,08056,-5.666666666666667,66.26757301410024,es1161a
42.994166666666665,ASTURIAS,1530,1542,PUERTO DE LEITARIEGOS,08052,-6.4141666666666675,80.22006943062708,es1161a
42.56388888888888,LEON,534,1549,PONFERRADA,08053,-6.6,83.03626467864794,es1161a
42.350833333333334,PALENCIA,830,2374X,CARRIÓN DE LOS CONDES,08068,-4.617222222222223,84.38012711322875,es1161a
43.35333333333333,ASTURIAS,336,1249I,OVIEDO,08015,-5.874166666666667,86.54192439176535,es1161a
39.485,VALENCIA,56,8414A,VALENCIA AEROPUERTO,08284,-0.4747222222222222,2.399383789254159,es1181a
39.480555555555554,VALENCIA,11,8416,VALÈNCIA,08285,-0.3663888888888889,6.9377464895306415,es1181a
39.480555555555554,VALENCIA,11,8416Y,"VALÈNCIA, VIVEROS",08285,-0.3663888888888889,6.9377464895306415,es1181a
39.18472222222222,VALENCIA,12,8325X,POLINYÀ DE XÚQUER,08287,-0.3719444444444444,33.58686273840366,es1181a
39.001666666666665,VALENCIA,88,8293X,XÀTIVA,08290,-0.5236111111111111,53.7161371400691,es1181a
39.95722222222223,CASTELLON,43,8500A,CASTELLÓN - ALMASSORA,08286,-0.07194444444444445,61.911098319861004,es1181a
38.928888888888885,VALENCIA,5,8058X,OLIVA,08282,-0.09583333333333333,68.46285731593456,es1181a
39.57555555555556,VALENCIA,758,8309X,UTIEL,08281,-1.2447222222222223,69.19945721054842,es1181a
38.78361111111111,ALICANTE,15,8050X,JÁVEA/ XÀBIA,08370,0.16777777777777778,93.96287835569518,es1181a
41.626111111111115,LLEIDA,185,9771C,LLEIDA,08171,0.5980555555555556,1.863692221478669,es1225a
41.650555555555556,LLEIDA,388,9720X,TÀRREGA,08173,1.1494444444444445,44.52461305391462,es1225a
41.5225,ZARAGOZA,357,9576C,BUJARALOZ,08165,-0.17444444444444443,66.54842505063813,es1225a
42.20527777777778,LLEIDA,807,9698U,TALARN,08112,0.8652777777777777,68.72337784559156,es1225a
41.144999999999996,TARRAGONA,71,0016A,REUS AEROPUERTO,08175,1.163611111111111,69.49871687293613,es1225a
40.95805555555556,TARRAGONA,32,0002I,VANDELLÒS  ,08169,0.8713888888888889,76.19290872558501,es1225a
41.058055555555555,TERUEL,334,9573X,ALCAÑIZ,08164,-0.14166666666666666,88.57002809555944,es1225a
40.82027777777778,TARRAGONA,50,9981A,ESTACIÓN DE TORTOSA (ROQUETES),08238,0.49333333333333335,89.04782982607061,es1225a
42.08444444444444,HUESCA,546,9898,HUESCA AEROPUERTO,08094,-0.32555555555555554,93.77593698688628,es1225a
39.480555555555554,VALENCIA,11,8416,VALÈNCIA,08285,-0.3663888888888889,2.836425169893485,es1239a
39.480555555555554,VALENCIA,11,8416Y,"VALÈNCIA, VIVEROS",08285,-0.3663888888888889,2.836425169893485,es1239a
39.485,VALENCIA,56,8414A,VALENCIA AEROPUERTO,08284,-0.4747222222222222,9.07582770576989,es1239a
39.18472222222222,VALENCIA,12,8325X,POLINYÀ DE XÚQUER,08287,-0.3719444444444444,30.178921626031705,es1239a
39.001666666666665,VALENCIA,88,8293X,XÀTIVA,08290,-0.5236111111111111,52.1103951463681,es1239a
39.95722222222223,CASTELLON,43,8500A,CASTELLÓN - ALMASSORA,08286,-0.07194444444444445,61.486742832579324,es1239a
38.928888888888885,VALENCIA,5,8058X,OLIVA,08282,-0.09583333333333333,63.396180529339205,es1239a
39.57555555555556,VALENCIA,758,8309X,UTIEL,08281,-1.2447222222222223,75.70810702198504,es1239a
38.78361111111111,ALICANTE,15,8050X,JÁVEA/ XÀBIA,08370,0.16777777777777778,88.26674616195088,es1239a
43.29805555555556,BIZKAIA,42,1082,BILBAO AEROPUERTO,08025,-2.906388888888889,4.121036971231252,es1244a
43.375,BIZKAIA,90,1059X,PUNTA GALEA,08059,-3.0216666666666665,13.849648893821412,es1244a
43.20333333333333,BIZKAIA,208,1078I,GÜEÑES,08035,-3.104722222222222,15.475978161269099,es1244a
43.45388888888889,BIZKAIA,93,1057B,MACHICHACO,,-2.7527777777777778,25.436988529119887,es1244a
43.39472222222222,CANTABRIA,45,1083L,CASTRO URDIALES,08020,-3.233888888888889,27.995969983002162,es1244a
43.37694444444445,BIZKAIA,12,1055B,LEKEITIO,08024,-2.5102777777777776,36.46472441761684,es1244a
43.20944444444445,GIPUZKOA,119,1050J,ELGOIBAR,08036,-2.413333333333333,42.76455704493075,es1244a
42.88194444444444,ARABA/ALAVA,513,9091O,FORONDA-TXOKIZA,08080,-2.735,45.85204437670852,es1244a
42.871944444444445,ARABA/ALAVA,513,9091R,VITORIA GASTEIZ AEROPUERTO,08080,-2.7327777777777778,46.956741157184624,es1244a
41.41833333333333,BARCELONA,408,0200E,"BARCELONA, FABRA",,2.1241666666666665,15.996062390907678,es1262a
41.39055555555556,BARCELONA,6,0201D,BARCELONA,08180,2.2,20.673886731732072,es1262a
41.72,BARCELONA,291,0149X,MANRESA,08174,1.840277777777778,27.977787372617943,es1262a
41.29277777777778,BARCELONA,4,0076,BARCELONA AEROPUERTO,08181,2.0700000000000003,29.959091940818393,es1262a
41.587500000000006,BARCELONA,74,0252D,ARENYS DE MAR,08186,2.54,36.60145786233431,es1262a
41.65083333333333,BARCELONA,40,0255B,SANTA SUSANNA,08188,2.6969444444444446,50.50885528893755,es1262a
41.91166666666666,GIRONA,143,0367,GIRONA AEROPUERTO,08184,2.763333333333333,67.34576353756351,es1262a
42.19138888888889,GIRONA,675,0324A,RIPOLL,08118,2.196111111111111,70.51385036718266,es1262a
43.35333333333333,ASTURIAS,336,1249I,OVIEDO,08015,-5.874166666666667,0.8362448624633473,es1268a
43.35333333333333,ASTURIAS,336,1249X,OVIEDO,08015,-5.874166666666667,0.8362448624633473,es1268a
43.559999999999995,ASTURIAS,5,1208H,"GIJÓN, PUERTO",08014,-5.700833333333334,26.107335630030096,es1268a
43.52305555555555,ASTURIAS,26,1207U,"GIJÓN, CAMPUS",08014,-5.621111111111111,26.978064921821666,es1268a
43.566944444444445,ASTURIAS,127,1212E,ASTURIAS AEROPUERTO,08011,-6.0441666666666665,27.278008922629468,es1268a
43.655833333333334,ASTURIAS,100,1210X,CABO PEÑAS,08012,-5.8486111111111105,33.11528798894318,es1268a
42.978611111111114,ASTURIAS,1480,1221D,PAJARES-VALGRANDE,08031,-5.776388888888889,42.84590446918334,es1268a
43.06222222222222,LEON,1510,2630X,PUERTO DE SAN ISIDRO,08057,-5.376944444444444,51.54966882391514,es1268a
43.35333333333333,ASTURIAS,336,1249I,OVIEDO,08015,-5.874166666666667,3.6359077943741034,es1269a
43.35333333333333,ASTURIAS,336,1249X,OVIEDO,08015,-5.874166666666667,3.6359077943741034,es1269a
43.559999999999995,ASTURIAS,5,1208H,"GIJÓN, PUERTO",08014,-5.700833333333334,24.015149333550344,es1269a
43.52305555555555,ASTURIAS,26,1207U,"GIJÓN, CAMPUS",08014,-5.621111111111111,24.406234499151864,es1269a
43.566944444444445,ASTURIAS,127,1212E,ASTURIAS AEROPUERTO,08011,-6.0441666666666665,28.056902376424564,es1269a
43.655833333333334,ASTURIAS,100,1210X,CABO PEÑAS,08012,-5.8486111111111105,32.19702049105669,es1269a
42.978611111111114,ASTURIAS,1480,1221D,PAJARES-VALGRANDE,08031,-5.776388888888889,43.37490515830462,es1269a
43.06222222222222,LEON,1510,2630X,PUERTO DE SAN ISIDRO,08057,-5.376944444444444,50.106221307589486,es1269a
43.52305555555555,ASTURIAS,26,1207U,"GIJÓN, CAMPUS",08014,-5.621111111111111,3.288217968156056,es1270a
43.559999999999995,ASTURIAS,5,1208H,"GIJÓN, PUERTO",08014,-5.700833333333334,4.39947231379912,es1270a
43.655833333333334,ASTURIAS,100,1210X,CABO PEÑAS,08012,-5.8486111111111105,20.366887582258872,es1270a
43.35333333333333,ASTURIAS,336,1249I,OVIEDO,08015,-5.874166666666667,26.695874060277752,es1270a
43.35333333333333,ASTURIAS,336,1249X,OVIEDO,08015,-5.874166666666667,26.695874060277752,es1270a
43.566944444444445,ASTURIAS,127,1212E,ASTURIAS AEROPUERTO,08011,-6.0441666666666665,31.296540695794974,es1270a
43.06222222222222,LEON,1510,2630X,PUERTO DE SAN ISIDRO,08057,-5.376944444444444,57.30981477080075,es1270a
42.978611111111114,ASTURIAS,1480,1221D,PAJARES-VALGRANDE,08031,-5.776388888888889,62.62431269939971,es1270a
43.559999999999995,ASTURIAS,5,1208H,"GIJÓN, PUERTO",08014,-5.700833333333334,2.362476104117717,es1271a
43.52305555555555,ASTURIAS,26,1207U,"GIJÓN, CAMPUS",08014,-5.621111111111111,6.510865309382902,es1271a
43.655833333333334,ASTURIAS,100,1210X,CABO PEÑAS,08012,-5.8486111111111105,17.739680725380875,es1271a
43.35333333333333,ASTURIAS,336,1249I,OVIEDO,08015,-5.874166666666667,25.010144643120636,es1271a
43.35333333333333,ASTURIAS,336,1249X,OVIEDO,08015,-5.874166666666667,25.010144643120636,es1271a
43.566944444444445,ASTURIAS,127,1212E,ASTURIAS AEROPUERTO,08011,-6.0441666666666665,27.999525291908242,es1271a
43.06222222222222,LEON,1510,2630X,PUERTO DE SAN ISIDRO,08057,-5.376944444444444,59.05127260127365,es1271a
43.56916666666667,ASTURIAS,60,1283U,CABO BUSTO,08010,-6.47,62.231157324617165,es1271a
43.559999999999995,ASTURIAS,5,1208H,"GIJÓN, PUERTO",08014,-5.700833333333334,4.006923580804215,es1272a
43.52305555555555,ASTURIAS,26,1207U,"GIJÓN, CAMPUS",08014,-5.621111111111111,4.291746907684247,es1272a
43.655833333333334,ASTURIAS,100,1210X,CABO PEÑAS,08012,-5.8486111111111105,19.87370980380489,es1272a
43.35333333333333,ASTURIAS,336,1249I,OVIEDO,08015,-5.874166666666667,25.454642191692066,es1272a
43.35333333333333,ASTURIAS,336,1249X,OVIEDO,08015,-5.874166666666667,25.454642191692066,es1272a
43.566944444444445,ASTURIAS,127,1212E,ASTURIAS AEROPUERTO,08011,-6.0441666666666665,30.1558523622975,es1272a
43.06222222222222,LEON,1510,2630X,PUERTO DE SAN ISIDRO,08057,-5.376944444444444,57.27434653876134,es1272a
42.978611111111114,ASTURIAS,1480,1221D,PAJARES-VALGRANDE,08031,-5.776388888888889,61.86423360413347,es1272a
37.27833333333333,HUELVA,19,4642E,"HUELVA, RONDA ESTE",08383,-6.911666666666667,3.4678612089919354,es1340a
37.09805555555556,HUELVA,41,5860E,"MOGUER, EL ARENOSILLO",08384,-6.7380555555555555,24.558513763421264,es1340a
37.19472222222222,HUELVA,2,4549Y,AYAMONTE,08381,-7.3950000000000005,41.2355753396324,es1340a
37.868611111111115,HUELVA,572,4560Y,ALAJAR,08380,-6.675000000000001,72.1531780777244,es1340a
36.638888888888886,CADIZ,21,5910,"ROTA, BASE NAVAL",08449,-6.3325,86.8129730729064,es1340a
37.416666666666664,SEVILLA,34,5783,SEVILLA AEROPUERTO,08391,-5.879166666666667,95.10912994792966,es1340a
36.75055555555556,CADIZ,27,5960,JEREZ DE LA FRONTERA AEROPUERTO,08451,-6.055833333333333,96.03557835010814,es1340a
36.499722222222225,CADIZ,2,5973,CÁDIZ,08452,-6.257777777777778,103.21086174432385,es1340a
36.46555555555556,CADIZ,28,5972X,SAN FERNANDO,08453,-6.205555555555556,109.02665021951603,es1340a
43.52305555555555,ASTURIAS,26,1207U,"GIJÓN, CAMPUS",08014,-5.621111111111111,2.5973720919928414,es1358a
43.559999999999995,ASTURIAS,5,1208H,"GIJÓN, PUERTO",08014,-5.700833333333334,5.054843325732195,es1358a
43.655833333333334,ASTURIAS,100,1210X,CABO PEÑAS,08012,-5.8486111111111105,20.93336048836573,es1358a
43.35333333333333,ASTURIAS,336,1249I,OVIEDO,08015,-5.874166666666667,27.563225352078394,es1358a
43.35333333333333,ASTURIAS,336,1249X,OVIEDO,08015,-5.874166666666667,27.563225352078394,es1358a
43.566944444444445,ASTURIAS,127,1212E,ASTURIAS AEROPUERTO,08011,-6.0441666666666665,32.2426215080997,es1358a
43.06222222222222,LEON,1510,2630X,PUERTO DE SAN ISIDRO,08057,-5.376944444444444,57.1918154415484,es1358a
42.978611111111114,ASTURIAS,1480,1221D,PAJARES-VALGRANDE,08031,-5.776388888888889,63.067746704150935,es1358a
36.84638888888889,ALMERIA,21,6325O,ALMERÍA AEROPUERTO,08487,-2.3569444444444447,8.008570147722596,es1393a
36.68694444444444,ALMERIA,3,6293X,ROQUETAS DE MAR,08492,-2.7016666666666667,28.468619590332235,es1393a
37.14138888888889,ALMERIA,869,6302A,ABLA,08427,-2.779722222222222,44.586104367692656,es1393a
36.98027777777778,ALMERIA,16,6332X,CARBONERAS,08488,-1.903611111111111,50.69837131472109,es1393a
36.74722222222222,ALMERIA,8,6277B,ADRA,08486,-3.0205555555555557,52.15698907818009,es1393a
37.39055555555556,ALMERIA,300,6367B,HUÉRCAL-OVERA,08428,-1.9436111111111112,75.62857989003477,es1393a
37.505833333333335,GRANADA,785,5047E,BAZA,08424,-2.735,78.17936093780153,es1393a
37.41722222222222,MURCIA,26,7002Y,ÁGUILAS,08432,-1.5869444444444445,99.5500845322889,es1393a
40.411944444444444,MADRID,667,3195,"MADRID, RETIRO",08222,-3.6780555555555554,2.80867210035078,es1426a
40.45166666666667,MADRID,664,3194U,"MADRID, CIUDAD UNIVERSITARIA",08220,-3.7241666666666666,8.252403669801684,es1426a
40.46666666666667,MADRID,609,3129,MADRID AEROPUERTO,08221,-3.5555555555555554,10.006706160457183,es1426a
40.37555555555556,MADRID,690,3196,"MADRID, CUATRO VIENTOS",08223,-3.786111111111111,12.462568172313537,es1426a
40.29944444444444,MADRID,620,3200,GETAFE,08224,-3.7222222222222223,13.72462286417609,es1426a
40.48861111111111,MADRID,607,3175,TORREJÓN DE ARDOZ,08227,-3.443611111111111,19.272735281351284,es1426a
40.69611111111111,MADRID,1004,3191E,COLMENAR VIEJO,08219,-3.765,33.58950173265557,es1426a
40.06722222222223,MADRID,540,3100B,ARANJUEZ,08229,-3.546111111111111,38.82247100411268,es1426a
40.63027777777778,GUADALAJARA,721,3168D,GUADALAJARA,08226,-3.15,48.61360983031895,es1426a
41.39055555555556,BARCELONA,6,0201D,BARCELONA,08180,2.2,3.895711334290931,es1438a
41.41833333333333,BARCELONA,408,0200E,"BARCELONA, FABRA",,2.1241666666666665,4.424307417440245,es1438a
41.29277777777778,BARCELONA,4,0076,BARCELONA AEROPUERTO,08181,2.0700000000000003,12.446456238072313,es1438a
41.587500000000006,BARCELONA,74,0252D,ARENYS DE MAR,08186,2.54,39.24348047515141,es1438a
41.72,BARCELONA,291,0149X,MANRESA,08174,1.840277777777778,45.44735141985976,es1438a
41.65083333333333,BARCELONA,40,0255B,SANTA SUSANNA,08188,2.6969444444444446,54.00189884637654,es1438a
41.91166666666666,GIRONA,143,0367,GIRONA AEROPUERTO,08184,2.763333333333333,77.39390824893134,es1438a
41.144999999999996,TARRAGONA,71,0016A,REUS AEROPUERTO,08175,1.163611111111111,86.97043892118698,es1438a
36.499722222222225,CADIZ,2,5973,CÁDIZ,08452,-6.257777777777778,1.1920128351662609,es1479a
36.46555555555556,CADIZ,28,5972X,SAN FERNANDO,08453,-6.205555555555556,7.209857594209527,es1479a
36.638888888888886,CADIZ,21,5910,"ROTA, BASE NAVAL",08449,-6.3325,15.839007758890544,es1479a
36.75055555555556,CADIZ,27,5960,JEREZ DE LA FRONTERA AEROPUERTO,08451,-6.055833333333333,33.16236516728335,es1479a
36.245555555555555,CADIZ,186,5995B,VEJER DE LA FRONTERA,08457,-5.965,39.71720689018912,es1479a
37.09805555555556,HUELVA,41,5860E,"MOGUER, EL ARENOSILLO",08384,-6.7380555555555555,77.98084062649458,es1479a
36.013888888888886,CADIZ,32,6001,TARIFA,08458,-5.598888888888888,81.23917232194106,es1479a
36.760555555555555,CADIZ,913,5911A,GRAZALEMA,08455,-5.3741666666666665,84.67788128945446,es1479a
37.16444444444444,SEVILLA,87,5796,MORÓN DE LA FRONTERA,08397,-5.6113888888888885,93.70585775740065,es1479a
36.41694444444444,MALAGA,19,6058I,ESTEPONA,08463,-5.155,100.07650006598963,es1479a
41.41833333333333,BARCELONA,408,0200E,"BARCELONA, FABRA",,2.1241666666666665,3.2684572557978835,es1480a
41.39055555555556,BARCELONA,6,0201D,BARCELONA,08180,2.2,3.9935610888297477,es1480a
41.29277777777778,BARCELONA,4,0076,BARCELONA AEROPUERTO,08181,2.0700000000000003,13.685323166760366,es1480a
41.587500000000006,BARCELONA,74,0252D,ARENYS DE MAR,08186,2.54,38.43711687241395,es1480a
41.72,BARCELONA,291,0149X,MANRESA,08174,1.840277777777778,44.21259363940744,es1480a
41.65083333333333,BARCELONA,40,0255B,SANTA SUSANNA,08188,2.6969444444444446,53.228933008739865,es1480a
41.91166666666666,GIRONA,143,0367,GIRONA AEROPUERTO,08184,2.763333333333333,76.29403356257683,es1480a
41.144999999999996,TARRAGONA,71,0016A,REUS AEROPUERTO,08175,1.163611111111111,87.39718441005213,es1480a
42.871944444444445,ARABA/ALAVA,513,9091R,VITORIA GASTEIZ AEROPUERTO,08080,-2.7327777777777778,5.583056000843147,es1492a
42.88194444444444,ARABA/ALAVA,513,9091O,FORONDA-TXOKIZA,08080,-2.735,6.187006685962159,es1492a
43.080000000000005,GIPUZKOA,420,1037Y,ZUMARRAGA,08037,-2.3175,37.84611152397088,es1492a
43.20944444444445,GIPUZKOA,119,1050J,ELGOIBAR,08036,-2.413333333333333,44.40404053154435,es1492a
43.20333333333333,BIZKAIA,208,1078I,GÜEÑES,08035,-3.104722222222222,52.46294181122125,es1492a
42.452222222222225,LA RIOJA,353,9170,LOGROÑO AEROPUERTO,08084,-2.331111111111111,52.67450301993662,es1492a
43.29805555555556,BIZKAIA,42,1082,BILBAO AEROPUERTO,08025,-2.906388888888889,52.82924532610148,es1492a
43.37694444444445,BIZKAIA,12,1055B,LEKEITIO,08024,-2.5102777777777776,59.31286867378425,es1492a
43.30222222222222,GIPUZKOA,28,1041A,ZUMAIA,08026,-2.2511111111111113,60.053177349928475,es1492a
43.30638888888888,GIPUZKOA,251,1024E,"DONOSTIA/SAN SEBASTIÁN, IGUELDO",08027,-2.041111111111111,6.733324929415128,es1494a
43.356944444444444,GIPUZKOA,4,1014,"HONDARRIBIA, MALKARROA",08029,-1.7922222222222222,14.1683743110325,es1494a
43.356944444444444,GIPUZKOA,4,1014A,SAN SEBASTIÁN AEROPUERTO,08029,-1.7922222222222222,14.1683743110325,es1494a
43.30222222222222,GIPUZKOA,28,1041A,ZUMAIA,08026,-2.2511111111111113,23.599412768735814,es1494a
43.20944444444445,GIPUZKOA,119,1050J,ELGOIBAR,08036,-2.413333333333333,38.72784260781742,es1494a
43.080000000000005,GIPUZKOA,420,1037Y,ZUMARRAGA,08037,-2.3175,39.50335663300667,es1494a
43.13583333333333,NAVARRA,183,1002Y,"BAZTAN, IRURITA ",08030,-1.5430555555555554,39.667034144377084,es1494a
43.37694444444445,BIZKAIA,12,1055B,LEKEITIO,08024,-2.5102777777777776,44.856109355157955,es1494a
42.81777777777778,NAVARRA,450,9262,PAMPLONA,,-1.6383333333333332,61.88044239920714,es1494a
42.776944444444446,NAVARRA,459,9263D,PAMPLONA AEROPUERTO,08085,-1.65,65.65541483226689,es1494a
42.871944444444445,ARABA/ALAVA,513,9091R,VITORIA GASTEIZ AEROPUERTO,08080,-2.7327777777777778,4.652976742062693,es1502a
42.88194444444444,ARABA/ALAVA,513,9091O,FORONDA-TXOKIZA,08080,-2.735,5.356618563745148,es1502a
43.080000000000005,GIPUZKOA,420,1037Y,ZUMARRAGA,08037,-2.3175,38.73472181436106,es1502a
43.20944444444445,GIPUZKOA,119,1050J,ELGOIBAR,08036,-2.413333333333333,45.02611476559657,es1502a
43.20333333333333,BIZKAIA,208,1078I,GÜEÑES,08035,-3.104722222222222,51.86400855130566,es1502a
43.29805555555556,BIZKAIA,42,1082,BILBAO AEROPUERTO,08025,-2.906388888888889,52.586086764283834,es1502a
42.452222222222225,LA RIOJA,353,9170,LOGROÑO AEROPUERTO,08084,-2.331111111111111,53.11504647866533,es1502a
43.37694444444445,BIZKAIA,12,1055B,LEKEITIO,08024,-2.5102777777777776,59.68492549494421,es1502a
43.30222222222222,GIPUZKOA,28,1041A,ZUMAIA,08026,-2.2511111111111113,60.765997416189826,es1502a
40.45166666666667,MADRID,664,3194U,"MADRID, CIUDAD UNIVERSITARIA",08220,-3.7241666666666666,3.1560873752526803,es1521a
40.411944444444444,MADRID,667,3195,"MADRID, RETIRO",08222,-3.6780555555555554,7.902664800684761,es1521a
40.37555555555556,MADRID,690,3196,"MADRID, CUATRO VIENTOS",08223,-3.786111111111111,13.061841850612359,es1521a
40.46666666666667,MADRID,609,3129,MADRID AEROPUERTO,08221,-3.5555555555555554,13.245299610270862,es1521a
40.29944444444444,MADRID,620,3200,GETAFE,08224,-3.7222222222222223,19.91268558511132,es1521a
40.48861111111111,MADRID,607,3175,TORREJÓN DE ARDOZ,08227,-3.443611111111111,22.675875781374785,es1521a
40.69611111111111,MADRID,1004,3191E,COLMENAR VIEJO,08219,-3.765,24.635314995467205,es1521a
40.793055555555554,MADRID,1894,2462,PUERTO DE NAVACERRADA,08215,-4.010555555555555,43.15036957712034,es1521a
40.70638888888889,MADRID,1532,3266A,PUERTO ALTO DEL LEÓN,08217,-4.141944444444444,44.32512849192689,es1521a
40.42777777777778,MADRID,763,3338,ROBLEDO DE CHAVELA,08212,-4.25,45.91852116425513,es1521a
40.45166666666667,MADRID,664,3194U,"MADRID, CIUDAD UNIVERSITARIA",08220,-3.7241666666666666,1.663633947191809,es1525a
40.411944444444444,MADRID,667,3195,"MADRID, RETIRO",08222,-3.6780555555555554,4.414701761250293,es1525a
40.37555555555556,MADRID,690,3196,"MADRID, CUATRO VIENTOS",08223,-3.786111111111111,10.279329019347546,es1525a
40.46666666666667,MADRID,609,3129,MADRID AEROPUERTO,08221,-3.5555555555555554,12.98154370834532,es1525a
40.29944444444444,MADRID,620,3200,GETAFE,08224,-3.7222222222222223,16.27130449517863,es1525a
40.48861111111111,MADRID,607,3175,TORREJÓN DE ARDOZ,08227,-3.443611111111111,22.745881933177476,es1525a
40.69611111111111,MADRID,1004,3191E,COLMENAR VIEJO,08219,-3.765,28.32732954777894,es1525a
40.06722222222223,MADRID,540,3100B,ARANJUEZ,08229,-3.546111111111111,44.18336962343313,es1525a
40.42777777777778,MADRID,763,3338,ROBLEDO DE CHAVELA,08212,-4.25,46.04862707427697,es1525a
40.793055555555554,MADRID,1894,2462,PUERTO DE NAVACERRADA,08215,-4.010555555555555,46.416900775603715,es1525a
37.13722222222222,GRANADA,687,5514,GRANADA BASE AÉREA,08420,-3.631388888888889,6.753972457436563,es1560a
37.189722222222215,GRANADA,567,5530E,GRANADA AEROPUERTO,08419,-3.7894444444444444,15.675331802703614,es1560a
37.16111111111111,GRANADA,760,5582A,LOJA,08414,-4.152777777777779,48.00966812139858,es1560a
36.72638888888889,MALAGA,3,6205X,TORROX,08484,-3.957222222222222,60.540333467044114,es1560a
37.777499999999996,JAEN,580,5270B,JAÉN,08417,-3.8088888888888888,66.92695504516233,es1560a
36.74722222222222,ALMERIA,8,6277B,ADRA,08486,-3.0205555555555557,72.51286034906914,es1560a
37.14138888888889,ALMERIA,869,6302A,ABLA,08427,-2.779722222222222,74.05397113967172,es1560a
37.55611111111111,CORDOBA,650,5427X,DOÑA MENCÍA,08412,-4.353888888888888,76.76158131623878,es1560a
40.48861111111111,MADRID,607,3175,TORREJÓN DE ARDOZ,08227,-3.443611111111111,5.648394101196431,es1563a
40.46666666666667,MADRID,609,3129,MADRID AEROPUERTO,08221,-3.5555555555555554,15.089082185452103,es1563a
40.63027777777778,GUADALAJARA,721,3168D,GUADALAJARA,08226,-3.15,25.546115860243198,es1563a
40.411944444444444,MADRID,667,3195,"MADRID, RETIRO",08222,-3.6780555555555554,26.477795463373273,es1563a
40.45166666666667,MADRID,664,3194U,"MADRID, CIUDAD UNIVERSITARIA",08220,-3.7241666666666666,29.449933467386398,es1563a
40.29944444444444,MADRID,620,3200,GETAFE,08224,-3.7222222222222223,35.35865954099413,es1563a
40.37555555555556,MADRID,690,3196,"MADRID, CUATRO VIENTOS",08223,-3.786111111111111,36.42472485994737,es1563a
40.69611111111111,MADRID,1004,3191E,COLMENAR VIEJO,08219,-3.765,40.61122849831484,es1563a
40.46666666666667,MADRID,609,3129,MADRID AEROPUERTO,08221,-3.5555555555555554,11.164443911052215,es1564a
40.45166666666667,MADRID,664,3194U,"MADRID, CIUDAD UNIVERSITARIA",08220,-3.7241666666666666,11.906743026817676,es1564a
40.411944444444444,MADRID,667,3195,"MADRID, RETIRO",08222,-3.6780555555555554,14.545236276462385,es1564a
40.48861111111111,MADRID,607,3175,TORREJÓN DE ARDOZ,08227,-3.443611111111111,17.990516478297558,es1564a
40.69611111111111,MADRID,1004,3191E,COLMENAR VIEJO,08219,-3.765,20.053108911150055,es1564a
40.37555555555556,MADRID,690,3196,"MADRID, CUATRO VIENTOS",08223,-3.786111111111111,21.85887017267826,es1564a
40.29944444444444,MADRID,620,3200,GETAFE,08224,-3.7222222222222223,27.568637958075655,es1564a
40.793055555555554,MADRID,1894,2462,PUERTO DE NAVACERRADA,08215,-4.010555555555555,41.69975436664791,es1564a
40.37555555555556,MADRID,690,3196,"MADRID, CUATRO VIENTOS",08223,-3.786111111111111,4.8031356053760526,es1567a
40.29944444444444,MADRID,620,3200,GETAFE,08224,-3.7222222222222223,5.246429495225843,es1567a
40.411944444444444,MADRID,667,3195,"MADRID, RETIRO",08222,-3.6780555555555554,10.318219258893443,es1567a
40.45166666666667,MADRID,664,3194U,"MADRID, CIUDAD UNIVERSITARIA",08220,-3.7241666666666666,12.712363143681673,es1567a
40.46666666666667,MADRID,609,3129,MADRID AEROPUERTO,08221,-3.5555555555555554,21.97942340265515,es1567a
40.48861111111111,MADRID,607,3175,TORREJÓN DE ARDOZ,08227,-3.443611111111111,31.09546777360044,es1567a
40.06722222222223,MADRID,540,3100B,ARANJUEZ,08229,-3.546111111111111,35.088192865567144,es1567a
40.69611111111111,MADRID,1004,3191E,COLMENAR VIEJO,08219,-3.765,39.641044978936776,es1567a
40.42777777777778,MADRID,763,3338,ROBLEDO DE CHAVELA,08212,-4.25,43.096200666988736,es1567a
40.70638888888889,MADRID,1532,3266A,PUERTO ALTO DEL LEÓN,08217,-4.141944444444444,52.29686167030513,es1567a
28.113055555555558,LAS PALMAS,15,C659M,"LAS PALMAS DE GRAN CANARIA, PL. DE LA FERIA",60032,-15.421388888888888,2.5579792147859175,es1573a
28.08972222222222,LAS PALMAS,55,C659H,"LAS PALMAS DE GRAN CANARIA, SAN CRISTOBAL",60029,-15.416111111111112,5.160858013126104,es1573a
27.91777777777778,LAS PALMAS,32,C649I,GRAN CANARIA AEROPUERTO,60030,-15.395277777777777,24.294157936990207,es1573a
27.735833333333336,LAS PALMAS,6,C689E,MASPALOMAS,60037,-15.595833333333333,47.0531908910387,es1573a
27.81638888888889,LAS PALMAS,10,C629X,"MOGÁN, PUERTO",60036,-15.764166666666666,47.99920928215147,es1573a
28.46333333333333,STA. CRUZ DE TENERIFE,35,C449C,STA.CRUZ DE TENERIFE,60020,-16.255277777777778,88.47120483380549,es1573a
28.31833333333333,STA. CRUZ DE TENERIFE,115,C439J,GÜÍMAR,60018,-16.38222222222222,95.25280655231309,es1573a
28.4775,STA. CRUZ DE TENERIFE,632,C447A,TENERIFE NORTE AEROPUERTO,60015,-16.329444444444444,95.74027145245974,es1573a
28.049166666666668,LAS PALMAS,15,C229J,PÁJARA,60034,-14.358055555555556,105.8483668568549,es1573a
43.49111111111111,CANTABRIA,52,1111,SANTANDER,08023,-3.8005555555555555,3.4587384726649257,es1580a
43.49111111111111,CANTABRIA,52,1111X,SANTANDER,08023,-3.8005555555555555,3.4587384726649257,es1580a
43.42388888888889,CANTABRIA,3,1109,SANTANDER AEROPUERTO,08021,-3.8255555555555554,4.3010301469694445,es1580a
43.39472222222222,CANTABRIA,45,1083L,CASTRO URDIALES,08020,-3.233888888888889,46.98508288890356,es1580a
43.39333333333333,CANTABRIA,38,1159,SAN VICENTE DE LA BARQUERA,08017,-4.392222222222222,47.71892118968273,es1580a
42.99194444444444,CANTABRIA,870,9001D,REINOSA,08032,-4.160555555555556,59.39975243156764,es1580a
43.20333333333333,BIZKAIA,208,1078I,GÜEÑES,08035,-3.104722222222222,63.71260900278094,es1580a
43.375,BIZKAIA,90,1059X,PUNTA GALEA,08059,-3.0216666666666665,64.26744089659908,es1580a
42.919999999999995,BURGOS,580,9051,MEDINA DE POMAR,08063,-3.4827777777777778,65.65567882109659,es1580a
39.555277777777775,ILLES BALEARS,3,B228,"PALMA, PUERTO",08301,2.625277777777778,3.0932912344692878,es1610a
39.56083333333333,ILLES BALEARS,8,B278,"PALMA DE MALLORCA, AEROPUERTO",08306,2.736666666666667,7.005175512559745,es1610a
39.735,ILLES BALEARS,1030,B248,"SIERRA DE ALFABIA, BUNYOLA",08303,2.7130555555555556,18.98141656327181,es1610a
39.52166666666667,ILLES BALEARS,120,B346X,PORRERES,08310,3.0191666666666666,31.61563562488742,es1610a
39.82333333333334,ILLES BALEARS,490,B013X,"ESCORCA, LLUC",08304,2.8858333333333333,34.35482150485067,es1610a
39.74916666666667,ILLES BALEARS,40,B691Y,SA POBLA,08312,3.0166666666666666,36.751392340338754,es1610a
39.41444444444444,ILLES BALEARS,17,B434X,PORTOCOLOM  ,08309,3.2716666666666665,55.606515457729515,es1610a
39.71666666666667,ILLES BALEARS,57,B569X,CAPDEPERA,08311,3.4780555555555557,72.26377280758152,es1610a
38.87638888888889,ILLES BALEARS,6,B954,"IBIZA, AEROPUERTO",08373,1.3844444444444444,133.9535554682508,es1610a
39.85472222222222,ILLES BALEARS,91,B893,"MENORCA, AEROPUERTO",08314,4.2155555555555555,137.11661836624782,es1610a
40.9575,SALAMANCA,775,2870,SALAMANCA,08201,-5.662222222222223,2.4228431364885354,es1618a
40.95944444444445,SALAMANCA,790,2867,SALAMANCA AEROPUERTO,08202,-5.498333333333333,14.18699781123289,es1618a
41.51555555555556,ZAMORA,656,2614,ZAMORA,08130,-5.735277777777778,59.9301450168055,es1618a
41.01138888888889,SALAMANCA,769,2916A,VITIGUDINO,08129,-6.437777777777778,64.93146521317117,es1618a
40.355000000000004,SALAMANCA,1960,2491C,"LA COVATILLA, ESTACIÓN DE ESQUÍ",08205,-5.69,69.43548002130177,es1618a
40.35055555555556,AVILA,1525,2811A,NAVARREDONDA DE GREDOS,08206,-5.143055555555556,82.61866277601268,es1618a
40.635,SALAMANCA,680,2946X,SAELICES EL CHICO,08195,-6.6,87.4846059080914,es1618a
40.659166666666664,AVILA,1130,2444,ÁVILA,08210,-4.680000000000001,90.2229498820606,es1618a
41.325833333333335,VALLADOLID,740,2503X,OLMEDO,08142,-4.686944444444444,90.52761292030392,es1618a
39.480555555555554,VALENCIA,11,8416,VALÈNCIA,08285,-0.3663888888888889,5.455522836309761,es1625a
39.480555555555554,VALENCIA,11,8416Y,"VALÈNCIA, VIVEROS",08285,-0.3663888888888889,5.455522836309761,es1625a
39.485,VALENCIA,56,8414A,VALENCIA AEROPUERTO,08284,-0.4747222222222222,5.591220475407227,es1625a
39.18472222222222,VALENCIA,12,8325X,POLINYÀ DE XÚQUER,08287,-0.3719444444444444,36.32191626403839,es1625a
39.001666666666665,VALENCIA,88,8293X,XÀTIVA,08290,-0.5236111111111111,57.19289708013863,es1625a
39.95722222222223,CASTELLON,43,8500A,CASTELLÓN - ALMASSORA,08286,-0.07194444444444445,57.91068140648715,es1625a
38.928888888888885,VALENCIA,5,8058X,OLIVA,08282,-0.09583333333333333,70.26022950268997,es1625a
39.57555555555556,VALENCIA,758,8309X,UTIEL,08281,-1.2447222222222223,71.2888169456753,es1625a
38.78361111111111,ALICANTE,15,8050X,JÁVEA/ XÀBIA,08370,0.16777777777777778,95.20314807405286,es1625a
41.64083333333333,VALLADOLID,735,2422,VALLADOLID,08141,-4.754444444444444,2.075660531164932,es1631a
41.71194444444445,VALLADOLID,846,2539,VALLADOLID AEROPUERTO,08140,-4.855555555555555,12.75714835837829,es1631a
41.325833333333335,VALLADOLID,740,2503X,OLMEDO,08142,-4.686944444444444,35.73426123910148,es1631a
41.995555555555555,PALENCIA,874,2400E,AUTILLA DEL PINO,08072,-4.602777777777778,40.32687075368404,es1631a
42.350833333333334,PALENCIA,830,2374X,CARRIÓN DE LOS CONDES,08068,-4.617222222222223,78.97780756998978,es1631a
41.66583333333333,BURGOS,790,2117D,ARANDA DE DUERO,08144,-3.742777777777778,82.07158673678626,es1631a
41.51555555555556,ZAMORA,656,2614,ZAMORA,08130,-5.735277777777778,84.83241180865284,es1631a
42.01083333333333,ZAMORA,715,2755X,BENAVENTE,08056,-5.666666666666667,87.57403723720071,es1631a
40.945277777777775,SEGOVIA,1005,2465,SEGOVIA,08213,-4.126388888888888,92.781766246582,es1631a
41.64083333333333,VALLADOLID,735,2422,VALLADOLID,08141,-4.754444444444444,2.3456190629260765,es1632a
41.71194444444445,VALLADOLID,846,2539,VALLADOLID AEROPUERTO,08140,-4.855555555555555,13.60430305969051,es1632a
41.325833333333335,VALLADOLID,740,2503X,OLMEDO,08142,-4.686944444444444,33.14719385656357,es1632a
41.995555555555555,PALENCIA,874,2400E,AUTILLA DEL PINO,08072,-4.602777777777778,43.369998745345065,es1632a
42.350833333333334,PALENCIA,830,2374X,CARRIÓN DE LOS CONDES,08068,-4.617222222222223,81.90493554522102,es1632a
41.51555555555556,ZAMORA,656,2614,ZAMORA,08130,-5.735277777777778,83.06913678504712,es1632a
41.66583333333333,BURGOS,790,2117D,ARANDA DE DUERO,08144,-3.742777777777778,83.57013896139954,es1632a
42.01083333333333,ZAMORA,715,2755X,BENAVENTE,08056,-5.666666666666667,87.72774645458708,es1632a
40.945277777777775,SEGOVIA,1005,2465,SEGOVIA,08213,-4.126388888888888,91.23769214278462,es1632a
38.3725,ALICANTE,81,8025,ALICANTE/ALACANT,08359,-0.49416666666666664,2.420960927577559,es1635a
38.282777777777774,ALICANTE,43,8019,ALICANTE-ELCHE AEROPUERTO,08360,-0.5708333333333333,12.128358503073938,es1635a
38.39972222222222,ALICANTE,575,7247X,PINOSO ,08357,-1.0380555555555557,49.54914778848413,es1635a
38.60166666666667,MURCIA,640,7275C,YECLA,08356,-1.159722222222222,65.64737769524424,es1635a
37.788888888888884,MURCIA,4,7031,SAN JAVIER AEROPUERTO,08433,-0.8033333333333333,69.75982360207176,es1635a
37.77833333333333,MURCIA,4,7031X,SAN JAVIER AEROPUERTO,08433,-0.8058333333333334,70.91971149339173,es1635a
38.928888888888885,VALENCIA,5,8058X,OLIVA,08282,-0.09583333333333333,71.24795230696073,es1635a
39.001666666666665,VALENCIA,88,8293X,XÀTIVA,08290,-0.5236111111111111,71.55254044475211,es1635a
38.00194444444445,MURCIA,61,7178I,MURCIA,08430,-1.1708333333333334,72.88247618866062,es1635a
38.78361111111111,ALICANTE,15,8050X,JÁVEA/ XÀBIA,08370,0.16777777777777778,72.92109840355232,es1635a
42.871944444444445,ARABA/ALAVA,513,9091R,VITORIA GASTEIZ AEROPUERTO,08080,-2.7327777777777778,6.617111709206602,es1673a
42.88194444444444,ARABA/ALAVA,513,9091O,FORONDA-TXOKIZA,08080,-2.735,7.359623487606118,es1673a
43.080000000000005,GIPUZKOA,420,1037Y,ZUMARRAGA,08037,-2.3175,38.39243765742443,es1673a
43.20944444444445,GIPUZKOA,119,1050J,ELGOIBAR,08036,-2.413333333333333,45.40200235959009,es1673a
42.452222222222225,LA RIOJA,353,9170,LOGROÑO AEROPUERTO,08084,-2.331111111111111,51.2220240031216,es1673a
43.20333333333333,BIZKAIA,208,1078I,GÜEÑES,08035,-3.104722222222222,53.84012112590073,es1673a
43.29805555555556,BIZKAIA,42,1082,BILBAO AEROPUERTO,08025,-2.906388888888889,54.30949166680329,es1673a
43.37694444444445,BIZKAIA,12,1055B,LEKEITIO,08024,-2.5102777777777776,60.55929152839144,es1673a
43.30222222222222,GIPUZKOA,28,1041A,ZUMAIA,08026,-2.2511111111111113,60.918526103219776,es1673a
43.30638888888888,GIPUZKOA,251,1024E,"DONOSTIA/SAN SEBASTIÁN, IGUELDO",08027,-2.041111111111111,2.4673291347401523,es1697a
43.356944444444444,GIPUZKOA,4,1014A,SAN SEBASTIÁN AEROPUERTO,08029,-1.7922222222222222,18.45997071301393,es1697a
43.356944444444444,GIPUZKOA,4,1014,"HONDARRIBIA, MALKARROA",08029,-1.7922222222222222,18.45997071301393,es1697a
43.30222222222222,GIPUZKOA,28,1041A,ZUMAIA,08026,-2.2511111111111113,19.453512214932527,es1697a
43.20944444444445,GIPUZKOA,119,1050J,ELGOIBAR,08036,-2.413333333333333,34.431677804237964,es1697a
43.080000000000005,GIPUZKOA,420,1037Y,ZUMARRAGA,08037,-2.3175,35.61464064533378,es1697a
43.37694444444445,BIZKAIA,12,1055B,LEKEITIO,08024,-2.5102777777777776,41.07567665319876,es1697a
43.13583333333333,NAVARRA,183,1002Y,"BAZTAN, IRURITA ",08030,-1.5430555555555554,42.538343587621505,es1697a
43.45388888888889,BIZKAIA,93,1057B,MACHICHACO,,-2.7527777777777778,62.07062886002171,es1697a
42.81777777777778,NAVARRA,450,9262,PAMPLONA,,-1.6383333333333332,62.485337776123295,es1697a
42.81777777777778,NAVARRA,450,9262,PAMPLONA,,-1.6383333333333332,0.6327725260161707,es1740a
42.776944444444446,NAVARRA,459,9263D,PAMPLONA AEROPUERTO,08085,-1.65,4.006429270029263,es1740a
42.77611111111111,NAVARRA,572,9263X,"ARANGUREN, ILUNDAIN  ",08089,-1.5325,9.646722709794533,es1740a
43.13583333333333,NAVARRA,183,1002Y,"BAZTAN, IRURITA ",08030,-1.5430555555555554,36.83837689091584,es1740a
42.490833333333335,ZARAGOZA,626,9244X,SOS DEL REY CATÓLICO,08090,-1.213611111111111,49.930818373879006,es1740a
43.356944444444444,GIPUZKOA,4,1014,"HONDARRIBIA, MALKARROA",08029,-1.7922222222222222,61.81920321479073,es1740a
43.356944444444444,GIPUZKOA,4,1014A,SAN SEBASTIÁN AEROPUERTO,08029,-1.7922222222222222,61.81920321479073,es1740a
43.080000000000005,GIPUZKOA,420,1037Y,ZUMARRAGA,08037,-2.3175,62.66959111606302,es1740a
43.30638888888888,GIPUZKOA,251,1024E,"DONOSTIA/SAN SEBASTIÁN, IGUELDO",08027,-2.041111111111111,63.885456773920524,es1740a
42.206944444444446,NAVARRA,268,9283X,CADREITA,08153,-1.7113888888888888,67.55746888115623,es1740a
39.95722222222223,CASTELLON,43,8500A,CASTELLÓN - ALMASSORA,08286,-0.07194444444444445,5.258577323946135,es1834a
40.43333333333333,CASTELLON,1131,8489X,VILLAFRANCA DEL CID/VILLAFRANCA,08241,-0.25583333333333336,53.13056194916568,es1834a
40.49861111111111,CASTELLON,1220,9563X,CASTELLFORT,08237,-0.18666666666666665,58.29367482815891,es1834a
39.480555555555554,VALENCIA,11,8416,VALÈNCIA,08285,-0.3663888888888889,63.573610066548106,es1834a
39.480555555555554,VALENCIA,11,8416Y,"VALÈNCIA, VIVEROS",08285,-0.3663888888888889,63.573610066548106,es1834a
39.485,VALENCIA,56,8414A,VALENCIA AEROPUERTO,08284,-0.4747222222222222,67.90269819843323,es1834a
40.55416666666667,CASTELLON,111,8523X,VINARÒS,08239,0.4297222222222222,73.80007801414496,es1834a
39.18472222222222,VALENCIA,12,8325X,POLINYÀ DE XÚQUER,08287,-0.3719444444444444,94.2020709844913,es1834a
40.35055555555556,TERUEL,900,8368U,TERUEL,08235,-1.1241666666666668,101.59689904895724,es1834a
41.62083333333334,ZARAGOZA,254,9434P,"ZARAGOZA, VALDESPARTERA",08159,-0.935,6.521144582205964,es1836a
41.660555555555554,ZARAGOZA,249,9434,ZARAGOZA AEROPUERTO,08160,-1.0041666666666667,11.991509623320287,es1836a
41.5225,ZARAGOZA,357,9576C,BUJARALOZ,08165,-0.17444444444444443,58.710767688487,es1836a
42.08444444444444,HUESCA,546,9898,HUESCA AEROPUERTO,08094,-0.32555555555555554,66.26439271880082,es1836a
41.33111111111111,ZARAGOZA,582,9394X,CALATAYUD,08156,-1.6452777777777778,73.8525988643941,es1836a
41.114444444444445,ZARAGOZA,779,9390,DAROCA,08157,-1.41,74.39790073403798,es1836a
42.198611111111106,NAVARRA,295,9294E,"BARDENAS REALES, BASE AÉREA ",08087,-1.475277777777778,80.01683894354379,es1836a
40.92611111111111,TERUEL,890,9381I,CALAMOCHA,08233,-1.2933333333333332,87.40605505460367,es1836a
41.058055555555555,TERUEL,334,9573X,ALCAÑIZ,08164,-0.14166666666666666,88.50960808324999,es1836a
40.946666666666665,TERUEL,466,9569A,CALANDA,08166,-0.23777777777777778,93.27784732051778,es1836a
41.62083333333334,ZARAGOZA,254,9434P,"ZARAGOZA, VALDESPARTERA",08159,-0.935,5.233568797985504,es1837a
41.660555555555554,ZARAGOZA,249,9434,ZARAGOZA AEROPUERTO,08160,-1.0041666666666667,10.084769428167888,es1837a
41.5225,ZARAGOZA,357,9576C,BUJARALOZ,08165,-0.17444444444444443,60.64070819511483,es1837a
42.08444444444444,HUESCA,546,9898,HUESCA AEROPUERTO,08094,-0.32555555555555554,67.00142979935387,es1837a
41.33111111111111,ZARAGOZA,582,9394X,CALATAYUD,08156,-1.6452777777777778,72.56747935482217,es1837a
41.114444444444445,ZARAGOZA,779,9390,DAROCA,08157,-1.41,73.83043587532877,es1837a
42.198611111111106,NAVARRA,295,9294E,"BARDENAS REALES, BASE AÉREA ",08087,-1.475277777777778,78.34442779104937,es1837a
40.92611111111111,TERUEL,890,9381I,CALAMOCHA,08233,-1.2933333333333332,87.28983694430438,es1837a
41.058055555555555,TERUEL,334,9573X,ALCAÑIZ,08164,-0.14166666666666666,90.25506955240861,es1837a
42.206944444444446,NAVARRA,268,9283X,CADREITA,08153,-1.7113888888888888,92.4365122353865,es1837a
38.282777777777774,ALICANTE,43,8019,ALICANTE-ELCHE AEROPUERTO,08360,-0.5708333333333333,13.07011806464517,es1849a
38.3725,ALICANTE,81,8025,ALICANTE/ALACANT,08359,-0.49416666666666664,23.204710089390264,es1849a
38.39972222222222,ALICANTE,575,7247X,PINOSO ,08357,-1.0380555555555557,32.03282411375824,es1849a
38.00194444444445,MURCIA,61,7178I,MURCIA,08430,-1.1708333333333334,48.89064684568501,es1849a
37.788888888888884,MURCIA,4,7031,SAN JAVIER AEROPUERTO,08433,-0.8033333333333333,52.83022440599215,es1849a
37.77833333333333,MURCIA,4,7031X,SAN JAVIER AEROPUERTO,08433,-0.8058333333333334,54.02326861627802,es1849a
38.60166666666667,MURCIA,640,7275C,YECLA,08356,-1.159722222222222,54.168292835638304,es1849a
37.95777777777778,MURCIA,75,7228,"ALCANTARILLA, BASE AÉREA",08429,-1.2286111111111113,55.88252023303483,es1849a
38.23277777777778,MURCIA,265,7145D,CIEZA,08363,-1.3805555555555555,57.9775569889943,es1849a
37.60111111111111,MURCIA,17,7012C,CARTAGENA,08434,-0.9877777777777778,76.91629709347727,es1849a
39.480555555555554,VALENCIA,11,8416,VALÈNCIA,08285,-0.3663888888888889,3.2680403738037764,es1912a
39.480555555555554,VALENCIA,11,8416Y,"VALÈNCIA, VIVEROS",08285,-0.3663888888888889,3.2680403738037764,es1912a
39.485,VALENCIA,56,8414A,VALENCIA AEROPUERTO,08284,-0.4747222222222222,11.731154522777844,es1912a
39.18472222222222,VALENCIA,12,8325X,POLINYÀ DE XÚQUER,08287,-0.3719444444444444,30.435094767715594,es1912a
39.001666666666665,VALENCIA,88,8293X,XÀTIVA,08290,-0.5236111111111111,53.02554979552341,es1912a
39.95722222222223,CASTELLON,43,8500A,CASTELLÓN - ALMASSORA,08286,-0.07194444444444445,60.202989456854446,es1912a
38.928888888888885,VALENCIA,5,8058X,OLIVA,08282,-0.09583333333333333,62.512696061070486,es1912a
39.57555555555556,VALENCIA,758,8309X,UTIEL,08281,-1.2447222222222223,78.47447498412363,es1912a
38.78361111111111,ALICANTE,15,8050X,JÁVEA/ XÀBIA,08370,0.16777777777777778,86.91823998723265,es1912a
40.45166666666667,MADRID,664,3194U,"MADRID, CIUDAD UNIVERSITARIA",08220,-3.7241666666666666,3.1603674840875984,es1938a
40.411944444444444,MADRID,667,3195,"MADRID, RETIRO",08222,-3.6780555555555554,3.2574065698452257,es1938a
40.37555555555556,MADRID,690,3196,"MADRID, CUATRO VIENTOS",08223,-3.786111111111111,10.805001152285714,es1938a
40.46666666666667,MADRID,609,3129,MADRID AEROPUERTO,08221,-3.5555555555555554,11.786310421705837,es1938a
40.29944444444444,MADRID,620,3200,GETAFE,08224,-3.7222222222222223,15.831200663444148,es1938a
40.48861111111111,MADRID,607,3175,TORREJÓN DE ARDOZ,08227,-3.443611111111111,21.564070426259384,es1938a
40.69611111111111,MADRID,1004,3191E,COLMENAR VIEJO,08219,-3.765,29.199443222638415,es1938a
40.06722222222223,MADRID,540,3100B,ARANJUEZ,08229,-3.546111111111111,43.18918288795686,es1938a
40.42777777777778,MADRID,763,3338,ROBLEDO DE CHAVELA,08212,-4.25,47.39159454640502,es1938a
40.793055555555554,MADRID,1894,2462,PUERTO DE NAVACERRADA,08215,-4.010555555555555,47.690853651668306,es1938a
40.45166666666667,MADRID,664,3194U,"MADRID, CIUDAD UNIVERSITARIA",08220,-3.7241666666666666,3.4165161937509354,es1940a
40.411944444444444,MADRID,667,3195,"MADRID, RETIRO",08222,-3.6780555555555554,6.054971507819543,es1940a
40.46666666666667,MADRID,609,3129,MADRID AEROPUERTO,08221,-3.5555555555555554,11.232824426581997,es1940a
40.37555555555556,MADRID,690,3196,"MADRID, CUATRO VIENTOS",08223,-3.786111111111111,13.010843387651816,es1940a
40.29944444444444,MADRID,620,3200,GETAFE,08224,-3.7222222222222223,18.722940889760572,es1940a
40.48861111111111,MADRID,607,3175,TORREJÓN DE ARDOZ,08227,-3.443611111111111,20.85346612907209,es1940a
40.69611111111111,MADRID,1004,3191E,COLMENAR VIEJO,08219,-3.765,26.4116083065139,es1940a
40.793055555555554,MADRID,1894,2462,PUERTO DE NAVACERRADA,08215,-4.010555555555555,45.42373146512334,es1940a
40.06722222222223,MADRID,540,3100B,ARANJUEZ,08229,-3.546111111111111,45.93679095321531,es1940a
40.70638888888889,MADRID,1532,3266A,PUERTO ALTO DEL LEÓN,08217,-4.141944444444444,46.71991938942529,es1940a
40.411944444444444,MADRID,667,3195,"MADRID, RETIRO",08222,-3.6780555555555554,4.578806296714105,es1943a
40.37555555555556,MADRID,690,3196,"MADRID, CUATRO VIENTOS",08223,-3.786111111111111,5.808171383548364,es1943a
40.45166666666667,MADRID,664,3194U,"MADRID, CIUDAD UNIVERSITARIA",08220,-3.7241666666666666,7.461250669061847,es1943a
40.29944444444444,MADRID,620,3200,GETAFE,08224,-3.7222222222222223,9.48495458388861,es1943a
40.46666666666667,MADRID,609,3129,MADRID AEROPUERTO,08221,-3.5555555555555554,16.53913927917815,es1943a
40.48861111111111,MADRID,607,3175,TORREJÓN DE ARDOZ,08227,-3.443611111111111,25.98350843122624,es1943a
40.69611111111111,MADRID,1004,3191E,COLMENAR VIEJO,08219,-3.765,34.848612261881655,es1943a
40.06722222222223,MADRID,540,3100B,ARANJUEZ,08229,-3.546111111111111,38.21868400260921,es1943a
40.42777777777778,MADRID,763,3338,ROBLEDO DE CHAVELA,08212,-4.25,45.24853510111616,es1943a
40.70638888888889,MADRID,1532,3266A,PUERTO ALTO DEL LEÓN,08217,-4.141944444444444,50.58701211962258,es1943a
39.480555555555554,VALENCIA,11,8416,VALÈNCIA,08285,-0.3663888888888889,4.2387604859299906,es1970a
39.480555555555554,VALENCIA,11,8416Y,"VALÈNCIA, VIVEROS",08285,-0.3663888888888889,4.2387604859299906,es1970a
39.485,VALENCIA,56,8414A,VALENCIA AEROPUERTO,08284,-0.4747222222222222,7.753805972726295,es1970a
39.18472222222222,VALENCIA,12,8325X,POLINYÀ DE XÚQUER,08287,-0.3719444444444444,29.60321096615163,es1970a
39.001666666666665,VALENCIA,88,8293X,XÀTIVA,08290,-0.5236111111111111,51.07281209326625,es1970a
39.95722222222223,CASTELLON,43,8500A,CASTELLÓN - ALMASSORA,08286,-0.07194444444444445,62.83235898535508,es1970a
38.928888888888885,VALENCIA,5,8058X,OLIVA,08282,-0.09583333333333333,63.49903577688439,es1970a
39.57555555555556,VALENCIA,758,8309X,UTIEL,08281,-1.2447222222222223,74.09504643613198,es1970a
38.78361111111111,ALICANTE,15,8050X,JÁVEA/ XÀBIA,08370,0.16777777777777778,88.67968952812556,es1970a
41.91166666666666,GIRONA,143,0367,GIRONA AEROPUERTO,08184,2.763333333333333,8.435563454616515,es1999a
42.10444444444445,GIRONA,157,0372C,PORQUERES,08120,2.763611111111111,14.895405095132599,es1999a
41.65083333333333,BARCELONA,40,0255B,SANTA SUSANNA,08188,2.6969444444444446,37.53230206944377,es1999a
41.587500000000006,BARCELONA,74,0252D,ARENYS DE MAR,08186,2.54,48.94562402245839,es1999a
42.19138888888889,GIRONA,675,0324A,RIPOLL,08118,2.196111111111111,56.507719903927985,es1999a
42.3325,GIRONA,1703,9585,LA MOLINA,08117,1.9394444444444445,82.43497881140496,es1999a
41.39055555555556,BARCELONA,6,0201D,BARCELONA,08180,2.2,82.85399945638214,es1999a
41.41833333333333,BARCELONA,408,0200E,"BARCELONA, FABRA",,2.1241666666666665,84.58720545955715,es1999a
41.64083333333333,VALLADOLID,735,2422,VALLADOLID,08141,-4.754444444444444,1.6683446822812171,es2010a
41.71194444444445,VALLADOLID,846,2539,VALLADOLID AEROPUERTO,08140,-4.855555555555555,13.200886657481814,es2010a
41.325833333333335,VALLADOLID,740,2503X,OLMEDO,08142,-4.686944444444444,34.1154042114421,es2010a
41.995555555555555,PALENCIA,874,2400E,AUTILLA DEL PINO,08072,-4.602777777777778,42.22126886843597,es2010a
42.350833333333334,PALENCIA,830,2374X,CARRIÓN DE LOS CONDES,08068,-4.617222222222223,80.79850591699916,es2010a
41.66583333333333,BURGOS,790,2117D,ARANDA DE DUERO,08144,-3.742777777777778,83.00016749881955,es2010a
41.51555555555556,ZAMORA,656,2614,ZAMORA,08130,-5.735277777777778,83.71969693333305,es2010a
42.01083333333333,ZAMORA,715,2755X,BENAVENTE,08056,-5.666666666666667,87.65116379295415,es2010a
40.945277777777775,SEGOVIA,1005,2465,SEGOVIA,08213,-4.126388888888888,91.81544743626732,es2010a
36.53861111111111,MALAGA,8,6084X,FUENGIROLA,08480,-4.618333333333334,22.076995152371158,es2030a
36.41694444444444,MALAGA,19,6058I,ESTEPONA,08463,-5.155,28.129025437367982,es2030a
36.66611111111111,MALAGA,5,6155A,MÁLAGA AEROPUERTO,08482,-4.482222222222222,38.12159949475579,es2030a
36.717777777777776,MALAGA,54,6156X,"MÁLAGA, CENTRO METEOROLÓGICO",08481,-4.4816666666666665,41.07355230253106,es2030a
36.760555555555555,CADIZ,913,5911A,GRAZALEMA,08455,-5.3741666666666665,53.388282261877876,es2030a
37.029444444444444,MALAGA,408,6106X,ANTEQUERA,08413,-4.748333333333333,58.54615518256083,es2030a
37.19444444444444,SEVILLA,410,5612B,LA RODA DE ANDALUCÍA,08399,-4.77,76.44471114504864,es2030a
36.717777777777776,MALAGA,54,6156X,"MÁLAGA, CENTRO METEOROLÓGICO",08481,-4.4816666666666665,3.3860383929004048,es2031a
36.66611111111111,MALAGA,5,6155A,MÁLAGA AEROPUERTO,08482,-4.482222222222222,5.604334067219518,es2031a
36.53861111111111,MALAGA,8,6084X,FUENGIROLA,08480,-4.618333333333334,24.256260575322866,es2031a
36.72638888888889,MALAGA,3,6205X,TORROX,08484,-3.957222222222222,43.61827036446976,es2031a
37.029444444444444,MALAGA,408,6106X,ANTEQUERA,08413,-4.748333333333333,44.793534469692126,es2031a
37.16111111111111,GRANADA,760,5582A,LOJA,08414,-4.152777777777779,56.79413750250846,es2031a
37.19444444444444,SEVILLA,410,5612B,LA RODA DE ANDALUCÍA,08399,-4.77,61.34400599586881,es2031a
36.41694444444444,MALAGA,19,6058I,ESTEPONA,08463,-5.155,71.07843850618782,es2031a
